-629,-194,896,10,44,26,212,-140,-433,913,330,-107,14,1,9,-639,-105,241,-555,866,84,1,-17,-18,147,-448,12
-627,-193,900,8,43,24,212,-141,-434,919,338,-108,33,4,4,-640,-107,243,-550,872,97,-4,0,-20,151,-446,14
-632,-191,892,7,37,22,211,-143,-434,925,340,-107,51,10,3,-642,-106,240,-557,873,92,-13,38,-10,150,-448,13
-634,-188,900,3,36,21,210,-145,-432,924,339,-107,55,16,5,-640,-107,238,-556,866,89,-30,67,4,153,-450,13
-638,-192,901,-1,30,23,209,-145,-429,917,340,-109,58,15,4,-638,-108,237,-555,869,95,-30,67,5,148,-447,17
-630,-192,889,5,11,16,213,-143,-433,917,344,-111,60,20,5,-640,-102,240,-547,867,97,-32,55,-3,148,-449,14
-627,-194,892,6,-3,-1,213,-143,-434,911,345,-109,70,20,6,-640,-104,241,-546,861,103,-35,48,-7,151,-447,13
-624,-188,891,9,11,3,214,-143,-428,909,346,-106,73,22,12,-640,-101,239,-543,862,99,-35,37,-8,154,-446,13
-632,-186,893,4,23,4,212,-143,-431,916,344,-105,64,18,17,-640,-105,237,-547,868,101,-1,-10,-18,153,-444,18
-633,-183,897,-1,31,9,211,-146,-431,922,343,-107,50,12,16,-640,-102,240,-547,872,97,19,-20,-8,152,-445,15
-635,-184,894,-4,38,11,213,-146,-432,915,336,-107,42,6,9,-637,-104,238,-548,878,78,-13,32,19,151,-446,14
-635,-189,891,-10,35,10,210,-146,-433,918,340,-109,38,-2,2,-639,-102,242,-553,872,71,-13,22,15,149,-446,14
-637,-190,889,-10,31,11,211,-144,-432,919,344,-115,38,-4,-2,-637,-104,238,-555,871,83,-14,35,19,149,-449,13
-635,-191,894,-12,30,13,213,-147,-432,916,349,-108,43,3,-4,-639,-105,238,-555,865,91,-10,52,25,148,-448,15
-629,-192,898,-11,29,11,212,-146,-431,915,351,-106,44,7,-9,-640,-106,237,-551,864,90,-13,62,20,149,-447,17
-629,-186,895,-4,25,3,212,-142,-433,914,352,-110,39,10,-2,-636,-105,237,-549,860,90,-10,53,8,149,-448,15
-629,-183,892,-1,24,3,209,-144,-432,916,348,-111,30,8,-5,-639,-106,239,-547,863,98,-3,40,6,149,-450,18
-627,-185,893,1,27,1,212,-145,-428,913,345,-105,11,5,-3,-639,-104,239,-548,867,98,6,25,-1,152,-444,17
-628,-187,892,2,25,-4,211,-146,-430,913,343,-103,12,7,-5,-637,-107,238,-543,873,94,14,14,-5,151,-446,19
-630,-187,896,3,22,-12,213,-144,-430,918,345,-110,15,9,-6,-638,-106,237,-540,873,102,6,13,-8,148,-445,17
-631,-183,899,4,19,-15,211,-142,-431,921,342,-106,14,4,-7,-637,-104,238,-547,871,95,6,9,-4,152,-447,18
-637,-187,897,1,15,-24,211,-145,-430,920,345,-104,17,2,-3,-638,-108,241,-553,868,105,2,23,5,150,-448,20
-636,-190,898,-2,15,-28,213,-142,-433,922,348,-111,20,-3,1,-640,-105,239,-548,870,93,6,18,7,148,-446,19
-631,-191,901,-1,9,-39,212,-143,-432,921,351,-100,19,-12,2,-636,-107,239,-552,875,82,10,-7,0,146,-449,15
-626,-192,897,-6,10,-45,210,-141,-432,919,349,-102,9,-5,7,-639,-105,237,-559,871,73,23,-14,2,149,-449,17
-623,-194,894,-12,10,-56,211,-143,-429,917,354,-103,0,-2,16,-639,-106,238,-562,863,78,22,-16,3,146,-445,18
-617,-191,891,-11,12,-56,213,-142,-432,913,353,-100,-12,1,18,-639,-108,240,-561,854,65,41,-26,-10,150,-448,20
-617,-196,899,-10,12,-51,212,-139,-430,909,347,-105,-25,3,13,-637,-108,238,-560,864,70,44,-11,-17,150,-448,22
-631,-199,908,-7,13,-47,212,-138,-431,913,347,-104,-34,11,8,-640,-108,236,-558,879,93,36,18,-29,152,-449,20
-623,-198,918,0,-10,-51,210,-140,-431,925,345,-104,-37,12,-2,-640,-109,238,-561,880,93,65,-3,-25,146,-449,22
-615,-198,907,-4,-51,-73,208,-136,-433,934,337,-103,-21,20,-10,-640,-112,236,-556,865,85,44,1,-12,148,-448,22
-611,-203,894,-25,-28,-79,209,-134,-434,916,339,-99,-1,18,-16,-636,-111,237,-552,853,83,36,15,-6,150,-451,20
-603,-201,891,-33,2,-61,208,-135,-433,906,335,-105,4,21,-26,-638,-114,238,-547,844,87,23,42,1,147,-453,25
-603,-202,892,-32,17,-39,212,-131,-433,899,337,-105,4,27,-25,-638,-115,234,-540,853,89,26,50,-7,146,-451,24
-616,-207,892,-27,45,-20,212,-131,-434,893,337,-112,4,30,-30,-639,-119,235,-536,862,97,29,51,-18,152,-453,28
-622,-208,891,-29,76,0,212,-130,-432,897,333,-109,14,33,-41,-639,-118,240,-533,874,108,17,65,-19,152,-450,28
-623,-205,888,-26,78,-3,214,-134,-433,905,335,-105,27,35,-44,-640,-119,234,-530,877,121,-2,101,4,146,-452,29
-627,-213,893,-16,73,-3,212,-131,-430,911,344,-104,52,31,-35,-640,-118,234,-530,869,123,-21,106,22,151,-452,32
-629,-210,888,-9,60,9,215,-135,-431,909,344,-104,67,17,-24,-640,-118,234,-541,862,122,-20,67,30,151,-452,27
-633,-207,885,0,50,16,215,-131,-430,910,353,-106,48,-5,-13,-638,-116,237,-550,861,115,-16,38,51,150,-451,28
-636,-205,892,13,37,20,211,-135,-429,914,342,-107,30,-25,-1,-637,-118,236,-553,865,107,-19,8,46,151,-451,27
-633,-207,886,11,28,25,217,-134,-433,914,337,-107,15,-31,13,-637,-120,235,-555,864,103,-15,-14,31,146,-450,29
-634,-201,891,15,16,19,213,-133,-430,916,341,-104,19,-30,23,-638,-116,235,-567,859,96,-39,-1,35,145,-450,26
-637,-203,890,20,11,15,213,-134,-430,923,353,-95,38,-29,44,-637,-117,239,-564,859,89,-46,-8,33,149,-452,24
-625,-195,895,21,11,8,211,-136,-429,922,359,-100,45,-25,63,-637,-113,241,-569,853,74,-38,-39,9,149,-451,23
-628,-200,892,28,8,2,212,-137,-432,916,358,-104,34,-19,66,-637,-115,238,-571,859,59,-39,-66,-14,145,-450,18
-629,-196,893,20,9,10,212,-135,-434,911,357,-106,12,-15,71,-637,-113,241,-561,867,53,-27,-79,-35,149,-450,20
-625,-192,894,24,9,-5,213,-134,-429,914,348,-112,2,-3,83,-637,-108,240,-556,881,50,-19,-47,-55,150,-450,20
-623,-190,904,29,10,-3,210,-137,-433,917,339,-104,6,17,66,-639,-107,242,-549,885,57,-23,-3,-52,150,-450,18
-618,-197,901,23,12,11,210,-138,-432,921,345,-106,24,30,45,-638,-107,241,-548,876,78,-36,37,-38,149,-446,17
-624,-197,896,18,15,16,213,-136,-432,917,341,-106,34,36,29,-637,-108,236,-545,874,88,-23,61,-19,151,-447,20
-629,-185,899,21,10,24,213,-138,-429,915,342,-103,39,35,13,-640,-109,237,-553,869,95,-19,77,-5,148,-445,18
-619,-185,907,24,2,22,213,-138,-433,917,348,-107,44,25,-1,-637,-109,234,-551,870,92,-22,82,-1,149,-447,19
-620,-198,900,1,17,6,213,-137,-432,923,346,-104,46,28,-6,-642,-108,240,-534,874,91,3,40,-11,149,-448,22
-619,-189,901,-8,24,9,211,-138,-433,914,336,-102,28,23,-18,-637,-111,239,-538,869,96,26,23,-9,150,-448,21
-622,-191,898,-5,29,6,211,-140,-431,918,334,-111,17,18,-22,-640,-110,235,-549,859,100,-9,75,24,150,-449,25
-624,-192,902,-6,31,6,211,-141,-431,915,338,-104,32,11,-17,-640,-107,237,-540,863,99,-14,75,23,151,-445,24
-632,-198,896,-10,32,5,211,-138,-432,910,343,-103,45,8,-14,-640,-110,235,-542,869,106,2,42,13,149,-449,21
-631,-197,894,-8,36,2,210,-142,-433,910,340,-106,34,3,-15,-641,-111,234,-553,866,100,-4,37,17,148,-446,23
-623,-198,895,-10,42,-5,211,-142,-432,912,345,-104,30,-6,-11,-638,-111,236,-549,870,97,-16,38,24,148,-450,20
-633,-201,893,-9,41,-7,212,-137,-430,917,347,-103,35,-5,-3,-640,-115,237,-547,865,91,-6,18,14,150,-448,20
-631,-196,891,-7,39,-5,210,-140,-429,913,350,-106,33,-13,-1,-639,-110,238,-556,863,88,-8,19,15,151,-450,23
-630,-195,890,-2,35,-6,211,-140,-431,914,347,-97,33,-16,4,-641,-109,236,-554,860,86,-17,26,18,150,-450,22
-628,-192,896,-1,31,-5,214,-141,-431,914,351,-103,34,-11,6,-639,-108,237,-555,866,88,-3,21,8,146,-450,22
-625,-194,892,-1,29,-12,213,-137,-430,917,352,-100,27,-8,3,-637,-113,235,-550,865,76,-5,26,5,147,-452,22
-626,-203,898,0,29,-7,213,-139,-433,912,349,-96,28,-2,6,-637,-109,237,-539,868,76,-5,18,-5,148,-451,19
-627,-199,892,1,37,6,213,-138,-431,910,351,-107,28,0,3,-639,-108,237,-552,869,95,4,21,0,148,-449,27
-642,-194,891,9,39,-1,216,-140,-431,911,350,-111,24,0,-4,-636,-108,237,-555,870,97,-19,90,27,147,-453,24
-639,-193,890,16,28,7,211,-142,-432,918,350,-110,29,1,-4,-637,-110,239,-536,879,105,-27,73,19,150,-450,21
-635,-189,887,9,23,0,212,-140,-431,914,352,-107,34,6,1,-635,-108,237,-539,875,93,0,15,-8,147,-449,22
-632,-194,885,8,19,-12,212,-141,-430,922,349,-104,22,1,0,-639,-110,237,-556,860,80,-7,14,4,146,-451,21
-628,-191,890,10,15,-15,209,-139,-431,912,348,-116,12,-4,0,-639,-111,238,-552,865,84,0,2,-2,149,-449,23
-629,-193,894,12,17,-12,213,-139,-431,908,346,-115,7,2,12,-636,-108,238,-537,872,79,15,-12,-19,150,-450,23
-629,-192,898,11,22,-8,209,-140,-431,909,341,-109,5,8,13,-637,-111,235,-543,875,93,-1,1,-22,147,-450,24
-628,-192,899,12,24,-10,212,-143,-430,912,343,-106,11,7,3,-636,-109,237,-546,873,96,-7,22,-3,151,-447,19
-627,-190,899,11,24,-6,213,-140,-431,916,349,-103,25,2,7,-638,-114,236,-543,878,94,-7,15,5,149,-447,20
-629,-193,899,6,29,-3,214,-143,-433,914,345,-105,25,2,10,-638,-111,238,-544,880,77,6,-6,3,150,-446,21
-625,-190,896,3,26,-5,211,-142,-429,920,344,-105,16,-5,9,-638,-109,237,-552,866,79,-11,25,22,150,-449,25
-628,-190,893,4,23,-6,214,-142,-431,915,345,-103,19,-10,6,-639,-107,237,-555,860,78,-30,59,34,151,-449,20
-630,-190,898,0,24,-4,211,-140,-431,914,352,-112,28,-5,9,-638,-107,238,-553,866,83,-10,39,18,149,-448,22
-630,-188,899,3,27,3,213,-142,-432,915,351,-106,32,-2,6,-638,-111,236,-550,863,85,4,13,-3,149,-449,22
-628,-189,900,3,29,0,213,-140,-432,911,348,-104,20,1,-4,-639,-108,237,-547,867,85,1,14,-10,151,-451,21
-632,-190,900,0,31,-2,213,-145,-430,913,345,-102,15,4,-3,-641,-107,236,-548,874,91,7,14,-12,150,-448,22
-627,-194,905,0,33,-5,211,-141,-432,917,341,-106,17,5,-4,-639,-107,235,-542,874,91,5,23,-5,149,-450,20
-620,-195,896,0,32,-9,211,-142,-433,920,344,-111,27,4,-3,-639,-110,237,-545,871,95,-8,29,3,146,-447,22
-618,-181,894,-2,32,-7,212,-142,-430,916,344,-105,28,3,-4,-638,-112,236,-552,870,90,-7,30,7,147,-448,22
-623,-180,906,1,27,-1,212,-141,-430,916,341,-108,32,3,0,-638,-113,237,-545,874,80,-9,21,8,147,-450,22
-621,-179,900,-12,28,2,212,-142,-429,922,336,-115,28,-4,6,-638,-108,236,-546,880,83,7,6,-4,149,-447,23
-628,-182,890,-14,29,-1,211,-142,-433,924,335,-105,21,-5,-2,-639,-108,239,-547,877,88,1,35,8,148,-448,22
-638,-204,882,-9,25,-2,210,-142,-432,921,339,-101,24,-1,-10,-639,-110,234,-548,861,98,-4,48,25,146,-450,23
-641,-210,884,-9,22,-9,209,-141,-433,920,348,-109,32,5,-16,-636,-110,236,-557,844,118,-4,64,38,148,-448,25
-640,-199,895,11,15,-9,208,-142,-431,915,355,-108,34,10,-14,-638,-108,236,-560,839,123,-22,62,28,149,-449,25
-626,-180,906,22,16,-7,211,-142,-431,919,360,-113,25,4,-4,-639,-110,236,-559,860,87,-20,2,-18,150,-451,21
-621,-177,907,16,19,-12,210,-140,-431,918,352,-112,24,12,17,-641,-111,237,-535,895,53,-13,-69,-78,151,-448,20
-618,-175,901,-2,26,-15,210,-143,-433,914,337,-110,15,18,46,-638,-108,235,-530,907,43,-5,-86,-91,150,-447,20
-621,-177,902,-11,24,-17,210,-141,-429,918,324,-98,2,18,52,-638,-111,236,-539,898,54,2,-20,-45,150,-447,21
-618,-170,906,-11,26,-15,209,-142,-431,920,327,-97,11,16,27,-637,-109,235,-552,877,77,-10,72,20,149,-450,22
-623,-188,901,-7,23,-13,211,-138,-432,917,345,-101,32,9,-1,-636,-107,235,-554,858,99,-2,100,51,150,-451,23
-626,-196,895,6,38,-12,212,-141,-431,904,341,-105,-7,6,-15,-638,-107,238,-552,849,104,17,74,39,148,-447,22
-630,-194,898,7,39,-11,212,-143,-432,910,329,-108,-13,0,-4,-637,-110,236,-549,851,102,26,37,12,151,-451,23
-632,-187,896,5,37,-16,212,-142,-431,911,333,-108,3,7,-1,-639,-111,236,-547,855,107,30,11,-3,148,-451,21
-626,-191,895,0,36,-20,207,-140,-432,918,344,-105,21,5,0,-640,-109,236,-550,860,120,16,21,-8,150,-449,24
-623,-187,893,0,32,-24,215,-140,-427,912,344,-96,40,9,17,-640,-108,233,-548,868,105,-12,22,-8,151,-444,24
-625,-186,898,7,29,-25,213,-139,-431,912,346,-104,40,6,29,-637,-108,233,-544,874,88,-18,-4,-17,149,-451,24
-628,-184,901,12,30,-23,213,-139,-431,916,346,-103,28,-3,30,-639,-107,238,-541,876,70,-13,-29,-24,148,-450,22
-624,-191,899,9,38,-20,214,-141,-430,914,350,-105,23,-5,20,-639,-109,237,-538,874,71,-10,-22,-9,149,-448,21
-631,-201,895,7,45,-14,212,-143,-432,918,352,-104,17,-11,8,-636,-107,237,-549,873,77,-3,-1,-1,152,-452,22
-633,-201,888,5,43,-10,213,-142,-429,918,346,-107,8,-11,2,-640,-110,238,-550,873,69,1,14,9,149,-449,19
-633,-189,897,11,34,-5,216,-143,-431,919,346,-102,6,-7,-2,-639,-108,237,-545,880,81,15,12,5,150,-449,21
-635,-193,901,13,29,2,213,-145,-429,917,344,-109,8,-6,-9,-638,-109,238,-542,876,81,12,24,8,149,-449,19
-630,-192,893,-1,30,-2,213,-140,-427,914,347,-111,18,-4,-15,-637,-110,237,-557,858,103,2,36,14,149,-453,22
-633,-188,890,-7,34,-2,214,-142,-430,916,348,-109,23,-6,-2,-638,-107,238,-556,853,100,-9,56,31,149,-450,20
-633,-194,893,-6,31,0,213,-143,-430,913,344,-104,20,-5,-1,-636,-107,239,-548,862,99,-12,39,24,148,-450,20
-632,-189,900,-2,29,-3,214,-143,-430,912,343,-104,29,1,5,-636,-109,238,-550,867,85,0,1,-7,147,-449,21
-630,-192,896,2,28,-10,215,-143,-429,913,349,-103,40,6,13,-640,-109,240,-548,871,83,-14,3,-7,147,-450,20
-626,-195,892,5,27,-8,215,-145,-431,917,353,-106,43,8,14,-638,-109,239,-553,869,86,-14,14,-3,149,-449,18
-627,-188,898,3,24,-10,214,-140,-430,912,354,-109,37,8,13,-637,-105,238,-553,868,89,-16,36,2,147,-446,21
-634,-188,886,0,30,-3,213,-145,-428,914,347,-106,26,11,14,-640,-108,238,-547,870,79,-15,27,-7,149,-449,21
-635,-189,894,-5,23,4,211,-141,-429,918,340,-111,13,7,8,-639,-107,240,-550,880,74,1,-9,-22,151,-450,19
-630,-191,896,-5,17,12,214,-141,-432,918,341,-111,18,8,5,-640,-107,237,-540,878,74,5,-3,-20,148,-449,20
-633,-192,889,-9,16,15,213,-144,-431,917,340,-113,34,9,-2,-638,-108,237,-541,882,82,-2,22,-11,147,-451,19
-628,-191,894,-8,14,11,214,-143,-428,915,344,-107,46,12,-7,-638,-110,237,-541,873,96,-17,58,-2,151,-450,19
-630,-193,901,-5,23,6,213,-142,-431,911,353,-108,49,11,-3,-635,-110,236,-542,863,103,-20,79,13,150,-449,22
-627,-187,912,-4,28,1,216,-144,-431,909,349,-102,42,6,2,-636,-110,239,-552,858,100,-21,69,16,150,-450,22
-626,-187,895,-3,25,4,213,-143,-430,915,348,-103,34,3,2,-640,-109,236,-549,864,93,-19,41,4,150,-450,20
-628,-188,900,-8,25,6,212,-145,-430,920,350,-106,27,3,7,-642,-108,236,-545,868,92,-5,11,-19,147,-451,21
-624,-186,896,-9,25,5,210,-143,-431,915,354,-110,23,4,4,-636,-104,236,-548,872,101,-3,7,-20,149,-449,19
-628,-188,896,-7,24,2,212,-141,-427,913,342,-106,6,-1,10,-635,-109,238,-536,877,89,-1,1,-14,151,-449,21
-635,-186,896,-6,32,0,216,-142,-431,912,338,-111,-8,-2,20,-639,-113,240,-535,886,71,17,-48,-22,150,-451,22
-631,-185,893,-4,30,2,211,-144,-428,915,337,-116,5,-8,4,-642,-110,238,-545,879,73,19,-39,-3,148,-448,20
-634,-184,892,-2,35,-2,210,-142,-431,911,347,-110,26,-8,-14,-639,-108,237,-544,862,81,18,-7,31,145,-449,21
-633,-189,898,-1,34,-4,213,-142,-432,915,352,-103,38,-10,-11,-638,-109,239,-550,860,89,6,22,47,148,-448,21
-634,-191,892,1,33,-8,214,-142,-431,921,348,-99,34,-6,-16,-637,-111,237,-549,861,93,-7,55,35,150,-450,22
-629,-193,897,2,36,-11,212,-143,-430,916,343,-106,23,-2,-16,-636,-109,236,-552,859,94,-8,47,22,148,-449,21
-632,-190,891,3,35,-13,214,-141,-429,919,342,-106,17,-8,-10,-638,-110,240,-551,860,89,-8,37,13,149,-452,18
-629,-187,894,11,25,-16,215,-140,-430,917,339,-104,19,1,-10,-636,-110,240,-558,857,100,-10,43,8,146,-451,20
-625,-183,894,10,27,-12,215,-144,-428,921,345,-106,19,2,-9,-637,-112,237,-553,853,100,-11,46,5,149,-450,22
-630,-183,894,0,27,-6,216,-141,-430,916,342,-107,16,6,-1,-637,-111,238,-549,862,109,0,25,-11,146,-450,19
-633,-186,898,1,34,-4,216,-145,-430,915,331,-107,11,9,10,-638,-110,237,-545,865,99,4,11,-18,148,-450,22
-635,-189,896,-2,37,-3,214,-144,-427,908,327,-110,-1,10,23,-641,-109,239,-535,877,88,6,-26,-27,147,-450,21
-635,-183,896,1,28,-7,215,-143,-430,914,341,-108,18,9,13,-637,-109,240,-534,878,87,15,-36,-26,148,-449,21
-636,-185,890,1,21,-11,213,-142,-433,920,347,-113,35,3,10,-636,-112,238,-551,874,106,-8,14,-3,147,-447,21
-624,-184,894,3,25,-11,212,-141,-431,911,343,-107,27,1,12,-637,-110,240,-546,876,96,-14,31,2,146,-450,23
-628,-184,898,5,21,-15,214,-143,-432,915,348,-110,21,1,14,-641,-110,241,-542,878,81,-1,0,-5,149,-447,17
-630,-189,894,0,25,-10,215,-143,-431,913,346,-107,19,1,4,-637,-108,242,-544,873,81,-6,5,-4,148,-448,18
-630,-189,898,-3,27,-5,214,-142,-428,919,339,-106,15,3,-6,-638,-110,236,-552,872,79,-5,17,4,146,-451,20
-631,-187,896,-2,27,-8,213,-143,-429,920,339,-108,13,1,-10,-638,-110,237,-546,873,88,-4,26,7,151,-450,19
-629,-185,888,-7,26,-9,213,-143,-429,917,344,-108,17,4,-9,-638,-110,237,-548,872,88,5,23,4,147,-451,20
-628,-189,894,-6,23,-6,212,-144,-430,918,343,-105,24,5,-12,-638,-110,242,-552,867,94,1,41,11,149,-450,22
-630,-189,890,-5,25,-8,216,-137,-429,912,340,-111,22,5,-7,-638,-109,238,-548,865,98,-11,52,15,147,-448,20
-629,-190,895,-2,22,-6,212,-142,-431,912,344,-104,18,12,-4,-635,-110,238,-552,861,102,-7,46,10,147,-449,22
-628,-192,892,-4,24,-5,210,-140,-429,911,342,-106,20,12,-2,-642,-111,238,-550,860,98,1,28,0,148,-452,22
-631,-192,895,-6,27,-5,213,-144,-431,912,342,-109,26,14,9,-636,-106,240,-550,862,92,1,16,-12,147,-448,25
-631,-192,893,-3,27,-2,214,-141,-430,908,347,-113,33,17,10,-637,-107,237,-553,864,89,-1,20,-10,151,-450,23
-631,-193,890,-4,27,-6,217,-143,-428,908,343,-104,33,9,6,-638,-109,238,-545,870,87,-7,19,-17,151,-451,24
-630,-191,897,-5,28,-5,211,-144,-432,911,345,-102,37,11,7,-639,-107,238,-542,875,92,-6,17,-20,149,-451,20
-633,-189,894,-1,26,-3,213,-143,-431,913,345,-102,39,11,9,-638,-111,238,-540,877,84,-6,21,-14,148,-448,21
-630,-189,889,3,21,-4,213,-142,-428,909,348,-107,33,2,6,-636,-109,238,-536,876,86,-16,33,-2,153,-449,23
-632,-195,894,0,19,-11,212,-143,-430,913,344,-106,36,3,6,-640,-109,238,-544,871,84,-16,34,-2,148,-450,22
-631,-193,886,1,23,-4,213,-144,-429,910,345,-107,30,2,4,-637,-109,236,-547,872,87,-16,39,10,146,-448,24
-634,-194,896,1,26,-1,210,-141,-429,914,343,-105,28,-1,1,-636,-106,238,-546,870,95,-18,41,12,149,-452,21
-626,-185,899,5,25,-1,211,-144,-428,916,348,-104,30,-7,2,-637,-107,239,-546,871,84,-13,30,7,148,-447,21
-633,-182,893,2,27,-7,214,-141,-431,912,350,-105,27,-4,5,-641,-107,238,-552,871,86,-12,32,10,149,-453,21
-628,-187,892,4,28,-8,212,-142,-430,912,342,-106,25,1,7,-638,-108,240,-552,862,92,-13,34,16,149,-449,20
-630,-186,896,-3,29,-9,212,-143,-429,920,340,-107,19,4,5,-637,-107,239,-552,859,88,-13,31,15,149,-448,19
-629,-186,895,2,31,-9,211,-144,-430,915,340,-105,15,5,-2,-636,-109,240,-549,870,81,-7,23,7,151,-448,21
-634,-190,895,-1,36,-6,213,-144,-428,915,343,-105,21,8,-4,-640,-105,239,-542,871,87,7,5,-8,150,-450,22
-627,-191,894,-6,35,-4,213,-143,-431,921,347,-107,30,9,-3,-640,-108,238,-546,869,95,10,13,-4,151,-448,20
-626,-190,892,-5,32,-9,213,-141,-431,912,348,-111,23,8,-7,-640,-110,238,-546,872,92,-12,33,6,150,-450,19
-628,-190,895,-6,32,-8,212,-141,-429,915,344,-104,14,10,-4,-639,-107,234,-546,872,90,-8,17,-4,149,-448,19
-632,-193,895,4,25,-14,213,-141,-432,910,347,-108,10,5,-3,-638,-109,239,-545,867,90,-4,25,-3,150,-452,20
-631,-190,894,5,26,-8,213,-140,-430,914,346,-105,13,6,-9,-639,-111,237,-538,870,84,0,24,3,149,-450,20
-633,-192,898,0,31,-8,212,-142,-431,916,346,-104,14,3,-7,-639,-109,235,-544,865,96,11,14,-1,150,-449,22
-631,-191,891,3,27,-5,215,-142,-430,915,346,-105,17,1,-5,-637,-112,238,-546,870,89,-7,36,6,148,-450,22
-633,-190,896,3,24,-5,216,-143,-430,913,348,-107,22,0,-2,-636,-109,238,-546,869,94,0,25,2,148,-449,20
-630,-188,892,2,24,-9,212,-142,-427,914,349,-110,20,-2,1,-638,-107,236,-550,861,95,5,22,2,148,-447,22
-625,-190,891,2,25,-7,214,-145,-431,916,345,-103,24,-1,5,-641,-108,238,-547,866,93,-6,27,-1,149,-449,22
-627,-188,897,1,27,-7,212,-143,-432,910,342,-103,25,0,6,-638,-109,238,-545,867,93,-1,15,-3,147,-450,18
-626,-188,902,3,28,-5,216,-145,-430,915,342,-109,21,4,12,-637,-110,238,-550,864,90,-4,16,3,148,-450,21
-627,-189,897,5,31,-5,213,-143,-429,916,345,-106,25,3,11,-639,-106,239,-546,865,80,-6,16,2,150,-447,23
-633,-191,896,4,31,-3,211,-142,-429,919,347,-104,26,1,8,-636,-107,240,-547,868,87,-17,24,4,149,-449,19
-628,-188,894,1,31,-4,211,-144,-431,918,346,-101,26,0,7,-641,-109,237,-550,873,92,-31,37,1,152,-447,20
-630,-191,894,2,28,-8,215,-143,-433,910,344,-108,22,1,6,-638,-111,238,-542,872,81,-11,20,-8,149,-449,23
-627,-189,895,-1,31,-4,212,-143,-428,914,345,-108,22,0,2,-638,-109,237,-541,869,83,0,6,-17,148,-450,24
-628,-189,895,-5,27,-6,209,-143,-430,914,341,-109,19,3,-1,-636,-107,238,-546,869,89,2,8,-3,152,-450,19
-629,-188,886,-4,31,-6,210,-143,-430,918,343,-103,24,1,0,-637,-107,238,-550,868,89,-3,23,3,150,-448,21
-634,-190,894,-5,33,-6,214,-142,-432,918,344,-105,22,-4,-2,-637,-108,240,-544,875,85,3,18,2,150,-450,21
-632,-188,891,-5,36,-6,215,-140,-429,915,344,-99,21,-1,-5,-635,-111,238,-547,872,91,3,15,-1,145,-450,20
-633,-196,897,-7,35,-4,213,-142,-429,920,346,-109,25,-4,-9,-641,-109,236,-548,872,91,0,26,7,148,-448,19
-624,-193,885,-5,32,-5,214,-141,-431,917,348,-109,24,-3,-9,-640,-110,239,-551,867,91,-2,34,10,148,-448,23
-637,-186,895,3,30,-12,211,-143,-431,913,348,-104,22,0,-6,-639,-111,240,-554,865,98,-3,39,18,148,-451,22
-623,-188,893,-1,32,-12,212,-141,-428,917,345,-103,21,2,-4,-640,-112,238,-546,863,87,-2,34,10,147,-451,20
-629,-186,894,-10,35,-8,213,-141,-430,917,348,-110,19,1,-1,-639,-110,237,-547,868,92,6,21,2,145,-449,19
-626,-190,896,-3,33,-4,214,-139,-428,917,341,-104,14,2,2,-638,-107,236,-548,864,91,-1,30,10,149,-447,20
-632,-192,893,-3,35,-5,214,-140,-429,914,339,-101,16,7,2,-639,-108,240,-548,872,88,-2,17,1,150,-450,21
-631,-184,894,-2,30,-5,213,-142,-431,917,343,-106,27,5,-3,-636,-112,235,-541,871,80,6,2,-11,149,-451,24
-629,-190,892,2,29,-11,213,-143,-431,914,349,-102,29,4,-8,-637,-110,237,-539,875,80,-2,16,-8,148,-451,22
-626,-191,892,3,32,-7,214,-142,-429,917,349,-104,23,7,-5,-638,-111,234,-547,871,99,0,30,2,146,-448,24
-633,-190,898,3,27,-12,212,-139,-433,917,349,-106,21,0,-3,-637,-109,238,-551,869,101,-7,45,8,151,-447,22
-630,-189,901,5,28,-13,211,-140,-429,916,344,-105,14,-2,-5,-639,-109,237,-541,876,89,-4,26,0,149,-448,21
-630,-187,895,3,29,-12,215,-144,-429,913,344,-103,16,-1,-2,-637,-108,238,-543,874,93,12,-5,-8,152,-446,22
-633,-189,892,6,25,-11,211,-141,-430,918,349,-103,21,-7,-3,-638,-111,238,-546,869,88,2,9,-2,148,-452,25
-630,-187,896,1,30,-11,214,-142,-430,916,346,-109,22,-8,2,-640,-109,237,-552,870,92,-1,18,6,149,-449,20
-627,-188,898,3,24,-15,212,-141,-431,915,344,-107,18,-7,2,-638,-110,236,-553,863,88,-4,18,5,150,-452,23
-628,-185,901,6,23,-14,211,-143,-428,914,345,-103,17,-8,0,-636,-111,235,-553,873,82,0,14,2,147,-450,23
-629,-186,900,3,23,-10,211,-144,-429,913,346,-105,19,-3,2,-638,-112,237,-550,870,84,2,4,0,148,-449,21
-634,-184,901,-1,28,-13,212,-140,-428,914,345,-109,16,-5,-3,-638,-109,238,-547,870,86,7,0,-2,147,-450,20
-632,-186,895,-5,33,-11,215,-143,-432,916,343,-106,15,0,-3,-639,-111,238,-549,870,78,11,-5,-5,147,-454,22
-630,-188,895,-4,36,-13,214,-144,-431,913,342,-107,21,1,-6,-635,-112,236,-546,873,81,13,-3,-6,150,-448,22
-634,-186,900,-4,31,-13,216,-140,-432,917,344,-105,28,5,-5,-637,-111,238,-543,872,87,8,14,-2,148,-451,21
-639,-190,890,-5,34,-13,214,-145,-426,915,346,-107,23,1,-9,-636,-110,236,-541,870,94,-1,30,4,147,-450,24
-634,-188,890,-4,33,-14,217,-141,-431,915,344,-102,19,-1,-8,-638,-112,239,-543,871,97,-2,32,4,147,-454,22
-627,-192,892,-4,35,-10,216,-140,-429,919,344,-104,17,-6,-5,-637,-110,237,-544,869,88,2,20,1,147,-450,23
-629,-190,895,-1,34,-12,214,-142,-428,915,346,-106,16,-2,-5,-639,-109,237,-542,868,89,5,13,-2,145,-449,20
-631,-192,904,-2,36,-10,213,-141,-431,916,352,-105,21,-5,-6,-639,-108,240,-546,874,83,1,19,2,146,-451,23
-632,-192,894,-1,31,-6,215,-142,-432,917,344,-106,21,-4,-3,-637,-108,238,-543,877,86,-1,22,7,148,-451,22
-635,-200,888,-1,29,-6,213,-143,-427,913,349,-103,17,-2,-10,-637,-112,237,-543,874,87,2,15,-2,148,-451,22
-631,-189,894,-2,33,-7,212,-139,-430,915,348,-101,20,0,-5,-637,-114,240,-543,874,91,1,15,2,147,-450,21
-630,-188,893,6,26,-11,211,-143,-429,916,350,-102,23,-1,-5,-637,-114,240,-553,865,89,0,28,12,145,-449,22
-632,-184,894,8,24,-3,214,-141,-430,916,349,-106,20,-4,-2,-640,-111,239,-548,865,91,-4,32,13,146,-448,23
-625,-187,889,4,24,-5,216,-143,-427,914,346,-107,18,-4,4,-637,-109,238,-546,868,95,1,17,1,146,-450,23
-630,-184,893,3,30,-2,217,-141,-428,916,341,-108,15,-1,6,-640,-109,239,-548,864,85,-1,15,0,145,-451,26
-636,-189,893,-2,31,-3,214,-143,-430,916,344,-107,21,8,8,-636,-112,238,-539,871,87,-6,11,-6,148,-454,22
-628,-188,896,-2,24,0,212,-143,-428,913,346,-112,31,7,8,-636,-113,238,-539,873,90,2,5,-11,148,-454,21
-629,-187,889,-1,26,-4,216,-143,-429,918,349,-111,36,0,3,-639,-110,239,-547,876,85,-13,27,-1,150,-452,22
-623,-187,892,-2,28,-3,216,-142,-430,915,352,-109,34,-1,5,-637,-111,240,-550,870,94,-13,31,8,146,-450,22
-632,-188,898,-4,22,-4,214,-141,-431,916,348,-108,31,6,5,-639,-111,239,-550,870,87,-14,39,14,145,-451,22
-630,-186,895,-2,26,-4,213,-142,-429,915,340,-109,20,4,4,-639,-108,238,-545,871,82,-15,30,-1,149,-450,22
-633,-189,894,-4,22,1,215,-143,-430,916,344,-103,19,2,0,-637,-110,239,-539,876,75,0,6,-12,147,-451,24
-631,-192,893,-3,20,2,211,-143,-431,915,346,-103,28,2,-3,-639,-111,238,-544,872,82,-1,17,-5,149,-453,22
-629,-188,892,-6,24,1,211,-140,-429,914,350,-107,29,0,-2,-639,-111,239,-549,871,91,-10,37,10,150,-449,23
-631,-190,896,-5,20,1,215,-141,-429,912,346,-102,27,-2,1,-639,-110,240,-545,869,93,-12,37,8,148,-449,22
-631,-190,895,-4,24,-3,212,-142,-433,913,342,-105,27,3,1,-636,-111,237,-546,870,86,-10,35,6,150,-447,23
-631,-184,896,-3,23,-3,211,-141,-428,912,342,-105,23,5,-4,-637,-109,240,-546,866,91,-4,26,2,150,-449,24
-629,-189,898,-2,25,-7,212,-141,-429,915,345,-108,27,6,1,-640,-113,236,-552,870,95,-4,25,1,146,-450,21
-629,-186,892,-2,27,-7,215,-141,-428,909,347,-105,33,6,5,-638,-109,238,-545,866,93,-10,32,-3,146,-448,24
-630,-188,892,-2,26,-8,213,-143,-431,914,350,-105,34,9,9,-637,-108,238,-546,871,89,-11,27,-4,149,-451,20
-632,-190,897,-4,28,-9,212,-143,-429,911,349,-105,27,7,9,-639,-107,237,-545,874,89,-5,13,-15,150,-451,24
-627,-187,901,-3,29,-13,213,-141,-432,919,349,-108,24,4,4,-638,-108,238,-546,871,86,-2,16,-15,149,-451,19
-628,-192,894,-4,29,-12,213,-143,-426,919,347,-107,22,4,3,-638,-112,237,-544,876,77,-2,17,-10,148,-449,21
-630,-191,893,-4,27,-15,212,-141,-428,911,348,-106,21,7,1,-641,-108,238,-543,872,83,1,13,-10,149,-447,18
-633,-191,897,-2,31,-15,214,-140,-429,914,346,-103,20,5,-6,-640,-111,237,-544,871,83,1,19,-4,150,-447,20
-628,-194,893,-1,30,-14,212,-143,-430,908,350,-111,13,1,-9,-637,-109,236,-546,877,85,1,25,0,147,-451,24
-635,-198,890,-2,30,-17,215,-139,-432,910,346,-103,13,1,-9,-640,-113,237,-543,872,82,7,17,0,148,-452,21
-627,-196,892,-3,28,-14,214,-142,-430,912,344,-105,6,2,-8,-641,-110,241,-545,872,91,6,23,8,151,-449,20
-630,-192,901,-2,27,-17,213,-142,-431,914,343,-108,13,0,-9,-637,-112,236,-547,871,91,6,28,11,146,-448,24
-628,-194,898,1,25,-13,210,-141,-431,915,346,-101,15,-4,-6,-638,-110,236,-548,869,87,4,31,14,148,-449,21
-624,-194,893,0,27,-12,214,-139,-431,919,348,-107,16,-4,-4,-636,-110,239,-550,866,84,5,18,8,147,-451,24
-630,-194,892,2,28,-12,213,-139,-429,913,349,-99,18,1,-2,-640,-108,239,-546,872,89,-3,27,6,150,-449,23
-630,-195,896,1,28,-12,214,-141,-432,911,351,-103,19,1,0,-639,-110,239,-549,868,94,-5,21,-1,147,-454,24
-629,-192,889,2,31,-10,214,-140,-427,914,351,-101,24,-2,0,-638,-112,237,-546,866,87,-4,14,-12,151,-448,21
-633,-193,892,7,25,-13,215,-139,-428,911,351,-103,20,6,3,-637,-114,240,-541,878,88,9,2,-14,147,-449,21
-625,-193,896,3,28,-11,216,-138,-428,908,348,-106,24,9,8,-638,-109,238,-540,878,85,-2,19,-5,147,-451,22
-630,-192,900,7,26,-14,214,-140,-430,915,344,-109,19,4,5,-638,-110,240,-543,873,84,-4,21,1,147,-449,21
-633,-192,894,7,29,-10,213,-141,-430,916,347,-100,19,2,5,-639,-111,238,-547,868,88,-9,28,19,150,-449,23
-629,-193,895,5,30,-6,213,-140,-430,914,349,-102,22,-1,-1,-640,-111,237,-547,869,86,-2,24,21,146,-450,24
-626,-194,894,2,28,-9,214,-141,-431,913,346,-107,21,-4,-1,-639,-111,238,-540,871,86,2,17,9,147,-448,18
-631,-192,891,3,29,-8,215,-140,-430,915,349,-105,22,-7,-3,-639,-111,238,-551,864,88,-19,32,11,149,-450,18
-626,-194,892,1,30,-9,211,-142,-428,916,348,-104,20,-7,-3,-639,-112,236,-559,864,84,-33,48,23,150,-452,23
-631,-193,902,3,26,-10,214,-141,-430,916,345,-106,15,-5,-6,-638,-110,239,-549,863,87,2,22,10,147,-452,25
-628,-193,896,0,33,-8,214,-142,-428,916,350,-101,14,-7,-6,-638,-111,237,-551,862,81,9,11,-2,148,-450,22
-627,-191,889,0,35,-9,214,-142,-432,916,342,-107,16,-4,-4,-638,-113,238,-550,867,91,5,22,-7,149,-451,23
-636,-191,897,-2,30,-8,212,-140,-429,916,341,-109,19,-1,-5,-637,-111,241,-541,870,93,8,20,-15,146,-451,23
-635,-197,896,-6,33,-4,215,-142,-429,915,346,-110,22,-3,-6,-638,-112,240,-539,871,91,4,10,-22,150,-453,23
-633,-189,896,-2,31,-6,213,-142,-431,912,349,-105,29,4,-2,-640,-113,237,-540,875,88,6,6,-16,148,-452,23
-631,-191,894,-2,33,-5,213,-142,-433,911,345,-104,27,9,-1,-638,-113,238,-538,877,92,4,14,-5,148,-450,23
-628,-190,895,-3,37,-8,215,-142,-431,912,348,-105,23,11,-2,-637,-111,238,-539,877,81,-4,23,0,148,-450,22
-631,-190,898,-2,29,-6,215,-140,-429,915,346,-105,23,8,-3,-640,-111,238,-542,876,81,-14,31,14,145,-450,23
-629,-192,901,-2,28,-11,212,-141,-427,913,347,-108,25,6,2,-635,-109,237,-545,871,87,-13,29,17,146,-448,22
-629,-194,898,-1,26,-10,215,-144,-431,917,348,-106,26,3,3,-636,-111,239,-544,873,81,-1,27,11,150,-450,22
-632,-196,897,-2,30,-4,216,-139,-431,909,349,-101,29,-2,6,-639,-113,237,-549,870,86,-1,24,9,148,-455,21
-628,-192,894,-4,35,-8,211,-141,-429,910,353,-108,22,-6,1,-639,-111,239,-558,864,85,3,25,7,147,-455,23
-628,-185,896,-2,27,-11,216,-139,-428,916,348,-106,23,-5,-2,-638,-112,235,-553,863,93,-5,31,11,145,-452,25
-634,-193,891,-1,27,-11,215,-142,-427,918,344,-105,18,-4,-5,-638,-113,237,-551,864,87,1,16,-2,147,-451,23
-624,-196,896,-2,26,-13,215,-141,-430,918,344,-102,19,-6,-2,-642,-112,237,-547,873,81,3,15,-13,149,-454,23
-629,-196,891,-3,29,-11,213,-140,-427,912,351,-105,28,5,0,-637,-108,237,-543,873,89,2,9,-14,148,-452,23
-632,-197,891,-4,30,-7,215,-140,-431,907,351,-105,25,5,0,-640,-111,237,-544,871,89,4,22,-2,146,-452,22
-631,-193,894,-2,27,-7,217,-141,-429,916,351,-107,23,6,3,-633,-111,238,-542,871,84,-10,40,7,146,-451,24
-628,-195,895,-4,28,-9,214,-140,-430,910,345,-108,18,4,1,-638,-109,238,-534,872,82,-7,26,0,149,-453,19
-625,-191,892,-3,31,-7,212,-139,-430,913,351,-104,16,4,-3,-637,-113,237,-539,873,84,-5,24,2,148,-449,23
-628,-191,897,0,28,-2,214,-141,-433,915,350,-104,23,1,-5,-639,-113,237,-545,879,83,-2,27,5,147,-449,25
-630,-192,889,1,26,-6,213,-140,-432,912,351,-105,22,-4,-7,-638,-109,236,-542,873,89,2,21,3,147,-449,22
-632,-195,893,-1,30,-8,211,-142,-429,915,352,-104,19,-4,-5,-639,-110,238,-546,871,84,2,22,3,145,-451,22
-630,-188,887,2,27,-10,215,-141,-428,917,349,-100,14,-2,-1,-637,-111,238,-544,869,84,1,23,11,145,-453,23
-630,-194,890,3,26,-5,212,-139,-429,921,347,-102,19,1,-2,-640,-113,237,-548,867,84,2,24,8,149,-453,24
-627,-194,893,2,27,-7,211,-141,-431,914,352,-105,18,4,-3,-635,-114,239,-546,866,89,-2,26,8,148,-451,21
-633,-196,896,0,28,-7,213,-137,-433,914,348,-102,24,4,2,-638,-110,236,-552,863,89,-4,22,5,148,-452,23
-626,-193,893,-1,28,-5,211,-140,-429,912,349,-103,26,5,7,-638,-112,236,-550,868,86,1,17,5,146,-451,24
-633,-196,897,-1,28,-7,214,-143,-429,913,351,-106,25,7,5,-641,-109,236,-548,865,76,2,15,-2,147,-450,23
-628,-195,893,-1,28,-7,215,-139,-431,910,346,-105,29,12,8,-638,-108,238,-547,877,85,-3,20,2,147,-450,26
-632,-191,892,-7,33,-10,214,-138,-430,912,351,-108,29,11,8,-638,-112,236,-541,877,83,-2,19,-9,148,-453,23
-627,-194,899,-4,25,-10,212,-138,-429,916,350,-102,29,8,6,-638,-111,238,-539,877,82,1,15,-15,146,-451,23
-633,-202,893,-5,29,-10,211,-141,-430,914,345,-109,25,1,3,-639,-111,237,-538,875,82,0,16,-11,146,-451,25
-625,-197,897,-5,31,-12,211,-140,-430,911,353,-106,27,4,4,-636,-110,236,-539,880,87,0,17,-5,148,-452,25
-624,-190,901,2,24,-12,215,-138,-428,909,350,-97,26,-1,1,-639,-111,235,-541,873,86,-2,19,2,147,-452,24
-625,-190,898,5,26,-4,214,-141,-429,914,351,-104,21,-4,-1,-638,-109,238,-542,874,89,-7,21,6,150,-453,24
-623,-192,901,0,31,-2,215,-143,-431,915,350,-105,23,-4,2,-641,-111,237,-550,875,91,0,22,3,151,-452,26
-624,-185,895,-5,31,-1,216,-140,-428,911,352,-102,20,-7,-1,-638,-108,235,-549,868,91,-4,28,8,147,-449,26
-632,-185,895,-4,27,3,215,-141,-432,911,343,-106,21,-1,7,-639,-110,239,-546,870,83,-3,16,6,146,-450,23
-632,-185,893,-5,31,-4,214,-143,-429,917,343,-109,15,-1,4,-636,-112,238,-553,864,81,0,10,-1,148,-449,23
-631,-193,894,-7,31,-7,212,-138,-430,912,342,-105,16,2,-1,-638,-107,238,-544,867,85,0,13,-6,148,-452,20
-626,-194,894,-6,34,-7,212,-139,-429,917,347,-103,31,4,0,-637,-111,236,-546,880,88,5,6,-14,146,-451,21
-629,-192,892,-5,33,-11,217,-142,-428,917,345,-100,34,-2,-6,-639,-110,238,-545,877,83,-9,33,4,148,-450,22
-628,-194,894,-7,32,-9,213,-141,-432,919,348,-106,30,-8,-6,-637,-109,237,-550,867,87,-11,37,20,147,-450,23
-632,-193,892,-6,32,-7,214,-142,-429,914,350,-103,29,0,-1,-638,-111,237,-551,863,92,-9,43,22,146,-450,22
-631,-197,895,-6,32,-9,215,-139,-430,915,347,-105,23,-4,-5,-639,-109,237,-550,871,83,-9,30,10,146,-451,22
-633,-196,893,-5,29,-8,215,-140,-431,913,351,-104,20,-3,-5,-639,-111,239,-547,875,85,6,8,-7,146,-455,22
-631,-196,897,-1,29,-4,213,-140,-430,921,352,-110,25,1,-4,-637,-113,236,-547,873,84,6,12,-7,147,-454,22
-631,-197,894,4,24,-5,213,-140,-431,916,348,-102,20,1,-6,-642,-112,240,-548,872,82,-3,21,0,148,-451,22
-629,-190,894,4,23,-6,210,-141,-431,912,350,-105,19,4,-7,-639,-111,236,-543,872,83,0,19,-3,148,-454,23
-625,-189,893,7,19,-8,213,-139,-429,910,347,-104,24,-2,-7,-639,-109,238,-546,866,89,-2,32,3,146,-452,22
-627,-194,895,9,23,-7,212,-142,-427,910,353,-108,22,2,-6,-641,-112,239,-549,869,88,-1,31,1,147,-453,23
-627,-198,889,6,25,-7,215,-141,-430,911,349,-106,22,3,-1,-638,-113,239,-547,868,91,-4,27,-2,147,-452,24
-631,-199,886,9,22,-3,214,-138,-430,912,350,-104,21,4,3,-639,-112,236,-538,868,90,-6,18,-10,147,-453,25
-628,-184,897,11,17,-5,212,-141,-430,910,341,-106,19,6,7,-637,-111,240,-542,874,83,1,-4,-11,148,-452,22
-630,-185,902,8,21,-8,214,-141,-429,914,344,-109,19,3,7,-638,-112,237,-542,872,81,-2,-1,-17,146,-452,25
-624,-179,901,-9,30,-17,214,-140,-434,913,345,-100,23,0,3,-640,-112,240,-545,875,91,-2,5,-16,149,-454,21
-632,-191,900,-11,35,-17,213,-142,-427,917,349,-101,22,1,2,-637,-110,240,-544,869,98,-7,26,4,146,-453,22
-628,-193,893,-18,37,-12,214,-140,-430,915,346,-108,25,0,4,-638,-113,237,-552,860,99,-17,37,12,149,-449,22
-629,-194,893,-14,30,-15,215,-140,-429,913,353,-105,27,6,15,-636,-110,235,-552,860,95,-18,26,6,149,-450,21
-627,-199,891,-11,32,-4,212,-141,-430,912,352,-115,22,7,18,-635,-108,238,-549,878,76,4,52,23,148,-454,23
-633,-205,888,0,25,-8,213,-138,-432,910,345,-105,23,12,25,-642,-108,238,-576,838,125,-29,52,28,148,-454,23
-619,-188,903,23,0,-19,210,-142,-432,918,345,-102,22,5,16,-636,-110,237,-564,851,98,-50,6,-10,147,-453,21
-615,-181,910,9,8,-20,209,-138,-431,916,350,-97,28,-1,1,-637,-108,239,-552,869,78,-45,-78,-68,147,-450,22
-617,-180,911,0,7,-15,211,-139,-430,913,356,-96,21,5,-21,-639,-113,238,-537,900,37,-62,-81,-89,146,-447,17
-619,-182,908,-11,15,-15,209,-139,-434,913,347,-101,17,7,-32,-639,-112,236,-536,903,30,-46,-67,-77,150,-450,17
-614,-184,908,-17,13,-22,211,-137,-433,914,345,-103,10,7,-35,-642,-115,234,-538,901,37,-31,-13,-41,150,-448,16
-618,-189,906,-26,14,-30,207,-137,-433,913,342,-106,3,5,-28,-638,-113,237,-541,897,48,-25,35,-7,149,-451,20
-611,-194,900,-32,20,-32,211,-137,-431,911,340,-97,9,7,-21,-638,-116,239,-539,889,66,1,52,6,146,-448,20
