342,81,761,-1171,394,-452,-308,64,-419,133,829,5,783,-1592,1080,-94,-673,-6,76,-83,374,2830,2377,437,109,-242,-196
503,234,939,-814,116,-1591,-318,54,-418,126,690,-167,565,-2015,789,-112,-676,7,235,83,253,3017,2310,587,155,-318,-115
527,312,1042,-104,-55,-1619,-323,52,-415,97,655,-198,465,-1984,409,-123,-675,24,440,175,141,2930,3198,1071,180,-365,-39
533,103,628,-799,-3,-1197,-324,89,-406,75,722,-255,650,-1987,269,-123,-674,36,674,285,-80,3011,4114,1443,184,-407,45
483,117,772,-1875,178,-1032,-321,86,-412,31,690,-348,817,-2156,-9,-118,-679,63,778,293,-289,3686,3672,1396,181,-439,134
433,150,846,-429,458,-903,-317,79,-412,-20,688,-370,725,-2361,-334,-106,-679,75,737,250,-488,4306,2720,1002,186,-440,250
479,206,988,-137,513,-981,-312,68,-418,-31,697,-359,756,-2544,-559,-79,-683,93,653,57,-598,4448,1317,-121,208,-417,304
497,295,1107,-38,514,-938,-306,66,-420,-225,844,-375,683,-2602,-846,-56,-681,101,706,-321,-575,3891,-27,-1478,239,-372,338
475,225,844,29,471,-693,-300,74,-420,-343,881,-458,364,-2651,-1217,-22,-681,85,766,-518,-545,2875,-173,-2689,292,-277,371
510,230,763,-927,630,-534,-282,89,-425,-265,876,-592,-664,-2810,-1700,35,-672,34,751,-662,-392,1939,64,-3613,333,-199,371
565,311,868,-632,704,-312,-272,94,-426,-313,1055,-713,-1617,-2746,-2171,75,-659,-7,798,-977,-135,1745,-932,-4087,367,-111,341
550,356,791,-340,797,-72,-258,101,-432,-271,1069,-720,-2015,-2370,-2476,108,-636,-57,614,-1444,155,2286,-2906,-4322,398,41,211
592,296,782,-530,936,144,-233,113,-437,-356,830,-609,-2499,-1828,-2595,164,-591,-118,598,-1991,280,3037,-5172,-4848,368,157,90
499,313,768,-337,965,421,-210,120,-439,-594,872,-399,-2321,-1142,-2749,194,-555,-152,478,-2033,374,2980,-6569,-5967,281,263,-31
382,68,797,-259,982,1019,-184,131,-440,-503,794,-539,-1845,-628,-2741,246,-481,-203,366,-2039,976,2174,-7207,-6758,32,336,-190
283,145,913,-374,1135,1404,-138,143,-441,-778,408,-349,-2704,-352,-2805,288,-405,-225,309,-2039,1735,2050,-9608,-6234,-183,318,-222
270,171,928,-191,1171,1832,-107,151,-443,-1165,275,-64,-3837,960,-3100,329,-344,-220,-458,-2039,1356,2005,-11884,-4687,-312,286,-190
155,140,1084,-451,1155,2222,-67,160,-437,-1161,763,231,-2725,2108,-2964,380,-233,-197,-648,-2039,800,550,-7182,-3440,-380,284,-144
-477,-116,1083,-566,1148,3268,-5,156,-430,-1078,1502,208,-3177,2265,-3122,406,-148,-170,-61,-2039,712,-1888,-3689,-1967,-456,298,-50
-768,-311,1428,-629,809,4415,11,127,-438,-1464,1480,-157,-5576,2719,-2402,427,-63,-102,649,-2039,1032,-225,-6015,682,-496,321,45
-317,-212,1211,635,-351,3747,4,118,-443,-1913,555,-562,-8988,3795,-1409,448,-15,15,1004,-2039,1447,2535,-9474,3248,-487,371,139
-52,-249,962,-120,-1217,1958,-17,120,-449,-1775,-110,-373,-9439,3228,337,456,-51,65,1357,-2039,1739,3179,-9072,4956,-402,465,185
-199,-244,1171,-168,-1284,1342,-33,100,-452,-1236,559,369,-1016,-571,4071,302,-528,47,1563,-2039,1442,2779,-5808,5556,-314,516,160
-130,-194,1009,789,-1327,1214,-53,97,-454,-965,663,428,-532,-939,3888,225,-590,28,1583,-2039,1322,3370,-3351,6224,-216,541,114
66,-97,1127,311,-1225,355,-85,70,-464,-680,805,424,200,-1224,3733,167,-625,20,590,-1680,552,3197,1337,4470,226,128,-159
79,-2,1082,1129,-1209,-455,-108,58,-467,-489,668,429,264,-1551,3680,83,-653,3,451,-1251,498,3409,480,3835,231,34,-172
242,29,962,629,-1067,-508,-130,48,-466,-243,570,313,-98,-2043,3278,-34,-672,-15,401,-998,510,3530,-353,3309,216,-94,-175
233,82,971,558,-1171,-754,-165,30,-467,-83,558,245,-142,-2250,2963,-114,-671,-12,378,-718,505,3575,-576,2801,196,-169,-166
210,174,866,575,-1183,-644,-188,33,-462,56,513,198,22,-2543,2627,-160,-664,-7,361,-543,446,3490,-483,2373,182,-237,-152
366,269,843,81,-1349,-853,-220,24,-455,79,510,148,174,-2843,2406,-203,-657,5,332,-445,367,3565,-520,1935,150,-325,-108
452,272,951,121,-1590,-1448,-264,7,-447,97,479,24,201,-3158,2086,-254,-642,31,394,-295,301,3728,-746,1496,127,-381,-73
423,354,958,212,-1596,-1602,-291,7,-434,164,196,-315,-273,-3491,1386,-302,-625,77,527,-142,143,3862,-985,1230,110,-428,-27
408,291,852,-303,-1406,-1460,-315,8,-425,148,278,-466,-208,-3408,781,-303,-622,104,609,-86,-71,4017,-407,740,113,-467,65
399,379,803,-730,-1315,-1622,-349,0,-407,154,386,-525,188,-3463,278,-293,-623,130,596,0,-150,4035,422,46,119,-479,124
523,405,792,-667,-1254,-1970,-369,-9,-398,129,481,-618,186,-3710,-127,-267,-629,164,537,-102,-115,4066,-403,-498,132,-479,175
503,388,734,-641,-1090,-2263,-384,-13,-386,-46,590,-641,-157,-3893,-552,-231,-642,174,512,-230,-182,4281,-1402,-1027,174,-456,248
554,466,812,-850,-839,-2148,-399,-29,-380,-85,762,-679,-613,-3919,-1083,-192,-654,174,534,-367,-285,3987,-1211,-1699,208,-418,293
570,432,730,-839,-699,-2161,-411,-27,-371,-162,888,-757,-1135,-3954,-1607,-112,-676,146,564,-543,-408,3989,-1146,-2395,247,-364,326
587,393,722,-1422,-570,-1981,-414,-25,-368,-253,796,-893,-1892,-3996,-2190,-57,-682,96,650,-805,-523,4073,-1400,-2836,290,-303,347
661,495,818,-1475,-143,-1724,-411,-26,-371,-309,681,-1004,-2803,-3645,-2909,33,-671,9,700,-1175,-416,3914,-1664,-3201,351,-189,325
642,440,785,-1010,291,-1548,-399,-22,-377,-342,677,-1043,-3188,-2956,-3517,93,-645,-45,735,-1666,30,3136,-2690,-3799,388,-92,253
586,473,817,-1009,696,-1232,-392,-23,-382,-415,581,-863,-2983,-2134,-3837,151,-613,-90,728,-1985,499,2301,-4737,-4565,398,3,145
509,515,824,-709,789,-978,-373,-16,-396,-878,777,-556,-2386,-1065,-3957,226,-557,-106,745,-2033,593,2496,-6518,-4825,321,138,-65
506,512,905,-973,880,-847,-359,-6,-403,-1180,791,-277,-852,-24,-3680,272,-516,-104,883,-2039,553,2705,-8071,-5277,204,249,-153
614,581,1028,-1042,947,-915,-348,-2,-408,-1335,761,-49,-95,289,-3433,319,-463,-110,789,-2039,363,205,-6748,-7023,84,342,-177
634,560,853,-950,807,-877,-326,40,-412,-1080,1160,-44,-1651,725,-4137,386,-317,-142,471,-2039,223,-561,-4179,-7381,-110,379,-190
591,386,509,-1860,967,-420,-311,82,-414,-903,1815,-407,-4699,1064,-4539,412,-201,-143,141,-2039,84,-201,-4521,-6057,-235,372,-169
654,298,470,-2275,1104,315,-285,112,-418,-1558,1155,-848,-8647,2043,-3469,442,-51,-52,464,-2039,397,-444,-5910,-4767,-369,338,-115
430,176,586,-1375,1334,938,-234,129,-429,-1937,702,-879,-11417,3632,-2093,450,-25,24,983,-2039,357,1107,-9557,-2367,-482,326,26
297,110,1037,-254,1508,1844,-200,116,-442,-2027,185,-798,-11213,2996,-120,455,-55,84,1535,-2039,199,1808,-10201,705,-496,359,132
354,388,941,1016,1468,2138,-165,131,-446,-1853,-219,-614,-9820,1751,1815,458,-159,108,1952,-2039,345,2572,-10461,3267,-458,415,222
558,583,797,-493,1290,2100,-114,166,-435,-1719,-153,-304,-6562,688,3376,446,-241,106,2029,-2039,487,4442,-11128,4558,-381,481,246
46,413,1202,-1272,1110,2485,-55,161,-436,-1771,328,3,-2791,261,4200,425,-317,107,1886,-2039,530,5714,-9289,5666,-228,542,193
-829,49,1118,-46,1580,4277,11,161,-426,-1706,642,299,-313,81,4409,381,-421,107,1517,-2039,725,4239,-4827,6370,-144,556,158
-922,-73,771,-1381,1609,6197,42,152,-421,-1370,721,449,194,-109,4235,343,-480,100,1231,-2039,676,2309,-1039,5325,-70,546,109
-585,-214,1476,-1199,-809,4760,14,89,-449,-1111,884,507,-102,-311,3986,298,-532,94,1096,-2039,516,2873,-314,4348,35,495,15
-203,-172,1738,2780,-2258,2164,-6,62,-458,-992,907,448,-390,-596,3877,224,-591,67,1019,-2039,499,3634,12,4618,114,438,-22
-336,-281,785,733,-1639,1697,-17,119,-446,-822,831,422,-463,-1027,3724,171,-625,50,930,-2039,556,3061,1148,4796,180,362,-49
-264,-370,582,-2411,-911,1845,-33,103,-451,-713,769,476,-209,-1620,3595,85,-658,30,825,-1829,559,2976,781,4864,235,219,-108
-130,-51,1310,431,-1025,603,-49,53,-464,-520,648,305,-72,-2077,3433,23,-671,16,717,-1413,558,3691,-223,4474,248,124,-138
33,77,1196,2452,-895,-89,-76,34,-468,-250,437,214,-164,-2315,3291,-28,-674,8,617,-999,532,3985,-716,3727,246,34,-152
157,120,1061,720,-1007,-375,-98,29,-471,-116,424,164,-90,-2480,2976,-105,-674,11,546,-762,514,3981,-538,3006,242,-92,-157
173,168,1109,401,-1095,-373,-119,17,-472,13,421,163,103,-2697,2613,-149,-669,14,439,-611,497,4024,-308,2331,227,-169,-145
200,210,1075,608,-1227,-337,-160,15,-467,70,369,126,125,-2956,2261,-188,-662,25,388,-565,493,3995,-525,1576,216,-219,-128
192,125,918,81,-1548,-541,-195,32,-462,141,300,-40,18,-3307,1889,-233,-649,47,321,-531,426,3935,-699,685,205,-268,-104
126,225,811,-670,-1810,-788,-231,39,-450,97,328,-115,-11,-3567,1444,-255,-644,67,366,-438,317,4100,-620,156,198,-336,-46
339,283,973,-553,-1891,-1406,-291,30,-432,76,460,-216,74,-3660,1028,-262,-639,100,467,-337,136,4371,-322,30,204,-372,10
458,294,754,-254,-2120,-2166,-325,30,-418,33,351,-437,49,-3891,570,-254,-641,120,508,-250,-80,4471,314,-183,216,-390,71
400,358,742,-1083,-1785,-2148,-352,31,-403,12,411,-616,-335,-4120,20,-236,-645,135,581,-212,-184,4266,899,-588,235,-390,166
660,479,732,-906,-1332,-2245,-375,23,-389,-78,545,-752,-467,-4266,-529,-195,-660,147,619,-252,-221,4307,673,-938,249,-382,214
677,393,677,-792,-1158,-2705,-395,10,-376,-267,761,-776,-672,-4225,-1122,-153,-671,139,644,-410,-168,4478,-535,-1281,273,-349,240
543,385,740,-1125,-563,-2163,-398,6,-375,-284,897,-888,-1308,-4325,-1780,-105,-681,109,757,-793,-142,4517,-2125,-1997,325,-276,241
571,408,774,-1044,-130,-1671,-403,5,-373,-310,881,-928,-2312,-4470,-2482,-17,-678,27,886,-1135,-194,4442,-2960,-2940,356,-203,223
606,477,733,-1161,71,-1679,-397,9,-377,-254,589,-1022,-3155,-3917,-3277,46,-660,-38,1067,-1635,-161,4181,-3116,-3776,382,-122,170
647,440,863,-1190,509,-1488,-391,6,-386,-435,403,-809,-3654,-2921,-4014,138,-601,-123,1159,-1989,196,3651,-4232,-4535,371,36,39
593,492,879,-632,777,-1232,-376,6,-392,-768,600,-657,-3160,-1443,-4312,194,-561,-145,996,-2033,567,2401,-5463,-5709,326,175,-28
678,562,999,-731,972,-1024,-357,9,-403,-964,892,-381,-1804,-227,-4186,247,-518,-153,866,-2039,296,650,-4249,-7320,251,295,-59
507,513,1073,-624,1056,-853,-338,16,-410,-1181,748,72,-766,462,-3885,316,-434,-155,986,-2039,-118,467,-2362,-7706,155,378,-90
623,537,1017,-757,1064,-434,-327,32,-415,-1371,495,-91,-1258,833,-3781,363,-350,-161,1058,-2039,-397,983,-1985,-7006,-28,431,-129
890,627,896,-1243,860,-459,-304,85,-416,-1216,1497,-241,-3254,1537,-4133,398,-251,-158,311,-2039,-277,1223,-2748,-6968,-172,416,-145
656,297,339,-2334,1008,-133,-269,164,-407,-1651,1639,-423,-5768,2250,-3670,439,-104,-87,153,-2039,-99,1103,-5481,-6564,-285,384,-126
268,-105,29,-3910,1554,1793,-228,216,-398,-1991,443,-861,-8809,4007,-2244,452,-54,10,845,-2039,172,922,-6558,-3332,-414,351,-54
389,22,520,-1682,1406,2520,-174,202,-415,-1901,323,-697,-10081,4822,-929,457,-83,114,1224,-2039,336,1481,-8061,-793,-466,350,29
248,176,926,1092,1373,1897,-129,184,-427,-1897,369,-427,-8689,3107,958,454,-145,142,1430,-2039,531,983,-8346,635,-479,376,118
120,262,998,1068,1670,2647,-73,178,-430,-1919,354,-254,-5906,1810,2683,445,-226,156,1733,-2039,745,1141,-8157,2362,-418,453,213
-31,438,1115,211,1860,3181,9,165,-427,-1874,424,-83,-3508,1136,3814,409,-342,161,1874,-2039,803,2945,-8646,4502,-333,511,217
-860,0,1455,-230,1814,3862,65,124,-424,-1778,563,116,-2149,822,4242,375,-419,161,1882,-2039,882,3796,-7053,5755,-243,543,198
-1157,-120,1377,645,1515,5296,91,90,-424,-1640,744,317,-1127,406,4289,334,-476,154,1682,-2039,694,2471,-3792,5764,-110,559,172
-350,-70,1018,-175,-290,3894,50,85,-439,-1353,625,347,-1020,-41,4092,267,-557,118,1545,-2039,567,1111,-1135,5304,-23,547,141
-62,-112,1318,-223,-2118,1388,33,42,-453,-1004,542,327,-1357,-674,3833,220,-594,92,1451,-2039,427,1486,-823,5321,62,511,99
-450,-136,1387,1738,-1732,1971,14,21,-461,-765,592,463,-1191,-1205,3549,142,-638,56,1222,-2039,388,2084,-623,5495,146,457,72
-261,-200,697,73,-1311,2184,-11,52,-464,-128,552,141,-352,-2964,2781,-101,-673,-9,1074,-2039,566,1860,-78,5616,243,327,1
12,9,1116,-1018,-1090,763,-31,14,-469,-21,448,53,-357,-3141,2458,-148,-665,-6,996,-1790,665,2741,-1132,6054,280,200,-57
-14,105,1414,1656,-1207,-74,-50,-18,-471,15,349,-9,-48,-3248,2130,-203,-657,20,867,-1419,611,4117,-1820,6094,291,82,-92
-31,120,1075,1403,-1136,27,-83,-1,-472,32,329,-99,422,-3512,1860,-235,-650,44,741,-1089,618,3865,-1108,4911,280,-54,-113
65,128,1007,-488,-1297,-8,-114,-1,-472,67,402,-195,730,-3674,1492,-262,-641,91,744,-698,571,3219,-695,3671,264,-141,-111
143,106,954,-145,-1661,-403,-145,5,-469,39,392,-318,538,-3896,1137,-266,-638,112,756,-316,387,3612,-771,3025,244,-223,-92
50,116,770,-511,-1788,-758,-197,32,-460,-55,354,-517,-216,-4178,649,-255,-640,126,766,-67,218,4212,-318,2658,223,-324,-32
127,212,972,-866,-1789,-1174,-243,18,-453,-204,478,-679,-739,-4481,-134,-221,-651,136,765,32,88,4396,41,1983,211,-372,17
616,440,697,-1016,-1377,-2758,-381,13,-387,-307,635,-849,-882,-4707,-856,-182,-664,134,717,2,6,4420,-160,915,209,-392,69
584,461,694,-1204,-1040,-2678,-403,5,-373,-253,726,-966,-1424,-4830,-1544,-133,-674,109,669,-72,-153,4395,-211,-169,227,-398,141
577,457,725,-1269,-614,-2337,-406,-1,-371,-248,622,-971,-2461,-4802,-2407,-43,-684,35,643,-169,-188,4215,-438,-976,246,-381,173
652,516,791,-1147,-194,-2074,-410,-4,-372,-304,272,-933,-3109,-3982,-3345,19,-668,-20,732,-349,-137,4011,-1132,-1665,271,-353,200
662,527,810,-941,175,-1788,-401,-6,-377,-476,604,-917,-2839,-2921,-4209,124,-622,-81,869,-627,-149,4488,-1830,-2304,301,-311,223
644,570,855,-913,627,-1473,-386,-13,-389,-853,959,-693,-2085,-1737,-4551,182,-588,-100,997,-900,-215,4893,-2397,-2921,352,-218,204
696,568,907,-618,863,-1266,-376,-14,-392,-1162,995,-536,-1130,-890,-4165,234,-550,-102,1172,-1448,-64,4387,-3168,-3653,377,-135,157
581,403,948,-697,900,-976,-351,4,-407,-866,1419,-377,-217,-9,-3967,309,-471,-115,1100,-1966,22,3249,-3843,-4724,388,-21,110
601,484,972,-1207,1153,-502,-337,25,-414,-916,954,-198,-829,135,-4033,348,-396,-140,823,-2030,-83,1907,-2956,-6111,363,156,57
705,434,735,-1285,1090,-349,-318,61,-416,-1122,237,-447,-3533,587,-3923,387,-293,-159,1011,-2039,-241,1576,-1926,-6579,312,265,25
664,164,154,-2490,1146,-271,-286,158,-402,-1194,1284,-377,-6540,1760,-4147,427,-98,-119,1355,-2039,-478,1430,-1370,-6366,243,365,13
529,-18,311,-3732,1248,400,-253,153,-415,-1933,1581,-653,-9679,2822,-3729,440,-9,-32,1370,-2039,-708,1254,-388,-6667,91,450,-35
348,390,1078,308,1504,1353,-220,115,-437,-2026,412,-846,-12049,3586,-1573,449,-19,92,1446,-2039,-112,2093,-1091,-6814,-65,452,-104
645,343,739,1890,1716,1489,-167,161,-431,-1777,-191,-825,-12389,2383,999,452,-94,119,551,-2039,533,3132,-5696,-7128,-264,394,-133
446,608,756,-1470,1592,1457,-115,176,-431,-1780,175,-605,-9348,647,3038,454,-183,121,313,-2039,603,3695,-10168,-6838,-435,308,-67
-41,655,1239,-941,1733,3198,-51,163,-436,-1900,361,-202,-3408,69,4651,423,-321,124,1199,-2039,-24,3207,-9183,-2342,-490,294,0
-671,180,864,131,2078,4650,57,179,-404,-2021,550,165,51,53,5198,389,-398,132,1905,-2039,397,4151,-8799,1598,-517,322,113
-1432,-453,1125,-2489,1854,6217,94,136,-409,-1740,628,319,791,96,4799,348,-466,132,2024,-2039,1294,4758,-11398,4024,-471,403,211
-1182,-37,1652,-86,-202,5838,74,91,-434,-1209,550,353,-234,-64,4338,277,-545,112,2038,-2039,1412,4791,-10660,6609,-326,513,207
256,-232,1452,1705,-2224,1834,10,95,-445,-1008,627,406,-885,-347,4045,228,-587,95,2033,-2039,892,4286,-5476,7116,-230,546,177
-204,-269,922,44,-2564,-58,7,111,-442,-795,742,410,-703,-632,3807,148,-636,67,1818,-2039,713,2339,-1350,6019,-152,551,135
-546,-298,366,-1474,-1200,2460,2,121,-439,-679,738,461,-529,-1151,3588,96,-656,59,1745,-2039,304,2640,-985,4846,-26,528,59
108,48,1328,-241,-932,1381,-36,23,-468,-518,738,428,-110,-1705,3339,39,-670,42,1584,-2039,248,2974,340,5076,67,487,32
7,221,1552,3727,-1364,-416,-56,-6,-475,-352,635,314,-127,-2237,3274,-45,-675,27,1383,-2039,290,2066,1339,5380,147,426,10
48,47,966,1925,-1154,262,-77,13,-470,-245,553,288,-415,-2448,3119,-100,-676,16,1148,-1815,371,1974,1068,5291,238,308,-36
116,113,1015,-841,-1341,244,-118,1,-474,-99,498,253,-646,-2674,2901,-151,-667,9,922,-1430,389,2915,459,5033,270,208,-66
240,127,1085,445,-1571,-93,-151,7,-470,44,379,132,-593,-3055,2556,-216,-653,16,748,-1075,425,3480,-247,4593,281,117,-94
170,-7,776,-9,-1701,-372,-179,25,-466,67,360,42,-375,-3374,2158,-253,-642,30,629,-800,581,3249,-638,3892,275,-9,-125
96,153,788,-989,-1624,-553,-232,23,-453,39,447,-66,-109,-3599,1771,-287,-628,58,578,-611,749,3262,-1030,3153,259,-92,-135
229,230,943,-54,-1825,-1380,-272,11,-443,170,183,-415,-272,-3890,1366,-303,-624,78,557,-456,609,3717,-1132,2580,244,-160,-126
450,293,810,-48,-2178,-2242,-311,10,-425,140,232,-487,-559,-3999,868,-300,-620,103,531,-248,356,3999,-592,1872,238,-232,-99
437,340,652,-751,-2110,-2385,-360,4,-405,105,388,-641,-307,-3933,198,-280,-628,135,563,-76,185,4116,154,1347,225,-313,-37
568,493,715,-1017,-1748,-2500,-384,-10,-388,-22,422,-697,-278,-4033,-536,-251,-639,155,594,63,-23,4266,153,1004,218,-352,8
736,542,695,-723,-1394,-2810,-403,-25,-376,-138,619,-646,-363,-4132,-1062,-213,-651,165,612,74,-95,4419,-45,515,219,-383,56
653,513,611,-1058,-1052,-2743,-410,-28,-369,-302,917,-678,-760,-4294,-1611,-137,-671,143,680,31,56,4628,-699,-222,229,-392,108
589,397,935,-1361,-327,-2097,-416,-34,-368,-146,1030,-815,-1837,-4533,-2213,-78,-681,90,734,-79,80,4674,-2086,-1167,247,-374,141
609,426,775,-1046,-135,-1863,-416,-27,-369,-69,642,-995,-3463,-4552,-2859,11,-668,-27,815,-311,-41,4275,-1580,-2093,282,-342,175
701,472,712,-1740,96,-1769,-403,-24,-374,-159,431,-1113,-4451,-3456,-3564,74,-637,-94,1027,-786,-267,3983,-971,-2873,330,-266,206
664,494,918,-1163,544,-1423,-388,-29,-385,-637,404,-620,-3881,-1596,-4074,137,-598,-127,1083,-1200,-470,4191,-1280,-3545,364,-187,207
557,598,807,-515,946,-917,-374,-17,-392,-1216,420,-336,-2104,111,-4153,222,-555,-121,1230,-1605,-375,4092,-1669,-4337,381,-97,173
736,598,928,-913,1098,-528,-349,-7,-408,-1352,708,-85,70,494,-3753,273,-508,-121,1248,-1961,256,3478,-3146,-4815,361,43,18
520,362,971,-830,1204,-470,-332,30,-417,-1370,1124,-131,12,197,-4028,322,-444,-130,1097,-2030,869,2940,-6161,-5315,291,124,-106
603,398,625,-1709,1164,72,-309,78,-416,-1194,1460,-281,-1674,341,-4372,384,-311,-154,991,-2038,919,2349,-7533,-5673,189,200,-190
703,181,329,-2715,1358,260,-267,133,-417,-1116,1500,-391,-4215,1218,-4181,414,-207,-136,888,-2039,261,1008,-6176,-5905,103,284,-205
352,55,501,-2183,1610,619,-233,135,-428,-1647,1378,-583,-6802,2711,-3361,447,-77,-50,413,-2039,123,-1013,-2566,-6317,-63,372,-195
453,288,903,65,1722,1431,-203,121,-440,-1990,791,-683,-9646,3907,-2180,454,-49,31,243,-2039,405,-1420,-3498,-6318,-196,375,-180
342,106,653,675,1583,1154,-158,140,-443,-1980,359,-474,-11023,3532,-202,458,-81,85,316,-2039,322,-536,-5726,-4716,-283,356,-151
31,308,1039,-635,2128,1672,-79,128,-449,-1729,222,-465,-9304,2074,1755,452,-182,113,448,-2039,387,-150,-5257,-2411,-394,343,-83
85,498,1254,528,2378,2403,-32,122,-447,-1666,277,-361,-6031,948,3239,445,-260,117,673,-2039,725,254,-6485,-599,-459,346,8
-156,479,1189,-98,1952,2404,12,128,-435,-1783,464,-148,-2920,600,4090,421,-337,116,1218,-2039,1058,769,-9119,1062,-477,379,116
-722,-8,1143,-1274,1588,3737,73,116,-423,-1651,499,74,-1017,327,4532,366,-441,116,1430,-2039,1040,2463,-10572,3757,-393,472,189
-1131,32,1458,-943,578,5017,81,73,-433,-1352,646,357,-229,107,4292,326,-498,117,1636,-2039,927,4400,-9620,5952,-292,526,178
-735,-93,1318,521,-623,4285,67,63,-439,-1109,765,485,214,-79,3936,258,-565,118,1633,-2039,1137,4157,-6701,7263,-174,551,157
42,-229,1018,-94,-1816,1265,13,69,-453,-932,893,549,357,-266,3725,213,-599,113,1365,-2039,1182,1547,-2147,7158,-29,543,136
-355,-174,856,-307,-2129,731,6,61,-455,-794,931,556,-8,-633,3509,161,-628,88,864,-2039,1020,912,919,5777,51,515,90
47,54,1095,1079,-880,711,-32,14,-469,-782,810,576,-787,-1285,3399,85,-660,47,765,-2039,848,2293,742,5032,130,460,67
-88,91,1168,830,-989,305,-44,1,-473,-570,684,362,-1085,-2069,3057,36,-668,18,745,-2039,723,2233,1339,4955,206,402,75
-35,145,1089,685,-940,660,-64,-3,-473,-297,475,188,-976,-2763,2748,-11,-674,1,607,-2038,728,1090,2513,4926,297,292,84
112,130,1133,254,-1259,132,-109,-7,-474,-150,504,128,-544,-2865,2448,-80,-674,-5,556,-1728,663,1133,1485,4898,335,200,73
79,172,1006,170,-1613,-297,-142,1,-474,-47,496,22,-32,-2964,2178,-120,-669,-4,508,-1367,538,1695,414,4993,363,108,75
88,154,986,-325,-1822,-495,-178,11,-465,105,320,-128,69,-3204,1930,-169,-663,10,405,-929,461,1916,448,4704,367,-22,59
266,234,1025,-416,-2113,-1132,-238,10,-454,131,277,-204,36,-3350,1506,-191,-659,29,370,-593,627,1794,-223,4223,354,-101,42
372,238,735,-318,-2188,-1804,-277,26,-438,135,420,-223,504,-3300,1137,-209,-659,56,296,-210,745,1810,-1309,3856,328,-168,18
406,302,633,-1455,-2004,-2147,-309,41,-423,241,467,-272,765,-3189,807,-218,-655,86,249,-137,717,2427,-2029,3140,289,-260,13
550,391,686,-1356,-1534,-2373,-346,26,-407,197,507,-477,297,-3355,354,-213,-657,99,251,-102,591,3235,-1787,2320,270,-299,28
595,350,737,-691,-1115,-2559,-361,20,-397,180,593,-510,79,-3350,-44,-205,-661,111,355,-165,437,3254,-1012,1603,261,-336,58
522,304,776,-869,-708,-2238,-371,18,-392,59,588,-608,-77,-3465,-444,-171,-666,122,384,-252,253,3432,-374,924,254,-366,125
547,464,848,-960,-388,-1937,-378,16,-389,-36,767,-643,-297,-3655,-926,-142,-677,126,336,-210,66,3870,95,313,255,-373,178
648,374,661,-1111,-99,-1851,-384,24,-387,-132,839,-586,-327,-3562,-1269,-81,-678,112,365,-143,-90,4120,250,-135,263,-366,224
655,546,928,-1502,245,-1668,-373,14,-393,-187,748,-692,-840,-3532,-1749,-39,-683,78,419,-177,-185,4267,-102,-442,268,-352,271
703,401,852,-302,616,-1335,-362,16,-397,-182,619,-808,-1765,-3460,-2399,9,-676,37,428,-256,-227,4474,-484,-682,293,-305,317
444,300,778,-652,627,-996,-352,24,-405,-296,555,-791,-2165,-2870,-2808,87,-652,-13,481,-456,-229,4681,-1341,-1050,315,-256,330
465,482,1052,-805,823,-401,-341,19,-410,-433,686,-634,-1718,-1986,-3133,133,-635,-35,544,-763,-248,4696,-2094,-1580,344,-200,322
654,539,1147,-5,711,-612,-329,32,-416,-706,735,-448,-735,-1308,-3171,176,-609,-37,418,-1178,-120,4575,-2606,-2448,384,-93,269
564,285,807,-857,666,-606,-312,75,-417,-969,846,-227,338,-805,-2994,238,-569,-34,173,-1607,358,4383,-3461,-3107,396,-23,204
452,169,456,-2347,1105,83,-288,114,-413,-975,895,-240,476,-590,-3129,285,-526,-53,146,-1815,355,3824,-4101,-3284,389,47,129
470,70,563,-2113,1287,391,-253,129,-422,-941,1032,-310,-1211,-441,-3693,351,-420,-110,186,-2003,58,3545,-3850,-3845,353,172,56
364,34,859,-338,1328,479,-225,125,-432,-999,1059,-407,-3565,67,-3869,383,-342,-128,263,-2035,-239,3292,-2450,-4828,308,260,22
288,70,916,384,1454,811,-197,123,-441,-1046,1074,-338,-4686,977,-3452,411,-263,-126,141,-2039,-465,2403,-1265,-5623,239,337,-25
293,193,929,304,1459,974,-153,124,-446,-1475,900,-263,-4924,2034,-2853,437,-163,-76,-292,-2039,-273,2118,-2276,-5676,137,377,-93
433,246,815,65,1526,920,-118,131,-446,-1644,670,-246,-5374,3055,-2025,453,-122,-23,-447,-2039,85,1782,-5374,-4797,-26,390,-161
226,253,1029,-500,1688,1022,-71,130,-448,-1461,679,-211,-5821,3270,-1087,456,-107,25,-243,-2039,214,679,-6469,-2875,-122,388,-168
-57,232,980,-61,2073,1852,0,136,-436,-1453,605,-196,-5953,2796,-28,461,-135,89,-54,-2039,353,-87,-6489,-1435,-211,394,-147
-394,-33,972,-769,2135,2558,42,127,-430,-1427,591,-191,-5269,2413,1092,455,-176,111,105,-2039,930,-848,-6789,-692,-309,419,-67
-773,54,1306,-310,1539,2949,70,96,-432,-1445,570,-206,-4232,1755,1914,442,-256,134,117,-2039,1026,-1507,-6789,383,-344,443,-7
-393,71,1254,696,562,2708,66,80,-437,-1395,662,-126,-3241,1231,2594,425,-315,136,277,-2039,1011,-1307,-6405,1366,-349,466,52
-106,85,1157,163,-401,1302,63,64,-439,-1306,686,-82,-2172,911,2975,405,-372,137,515,-2039,997,-670,-6126,2586,-297,513,123
-211,67,1109,137,-766,1207,54,54,-447,-1161,776,8,-1507,690,3109,362,-445,136,605,-2039,1023,-488,-5675,3932,-238,543,152
-321,66,1081,291,-736,2016,42,27,-454,-1061,870,103,-1031,604,3130,330,-490,135,564,-2039,1136,-393,-4818,4608,-163,554,168
-246,60,1104,317,-863,1972,28,12,-459,-953,876,161,-735,313,3163,292,-533,128,496,-2039,1013,-168,-3992,4864,-52,553,166
-163,104,1198,628,-973,1320,15,-8,-465,-819,907,310,-770,33,3160,229,-588,104,379,-2039,797,-52,-2419,4772,23,533,163
-68,115,1110,695,-874,1004,-7,-15,-468,-657,916,330,-860,-306,3103,186,-616,81,288,-1983,651,9,-1156,4414,92,501,146
-133,136,1020,154,-914,949,-23,-19,-472,-547,747,293,-1034,-845,2953,126,-644,49,238,-1765,620,367,-1412,4612,159,459,119
-33,131,969,127,-975,837,-39,-27,-475,-419,731,296,-954,-1151,2634,85,-658,34,152,-1446,647,559,-1568,4595,231,382,91
-5,225,978,322,-1123,589,-74,-38,-474,-230,745,266,-407,-1555,2393,48,-667,27,77,-1173,757,507,-1092,4177,266,326,60
175,247,1085,438,-1267,505,-100,-50,-475,-133,702,206,-7,-1725,2185,-8,-672,20,36,-1001,842,1027,-1540,3917,293,260,20
208,248,1044,540,-1434,5,-126,-50,-475,-45,653,184,85,-1784,2009,-43,-676,21,-35,-803,831,1579,-1403,3503,311,171,-12
219,226,966,15,-1432,-172,-162,-40,-468,60,630,185,205,-1907,1843,-76,-675,22,-41,-634,789,1644,-573,2808,324,121,-23
317,231,950,-353,-1469,-504,-191,-32,-468,119,600,142,200,-2060,1581,-113,-674,24,-38,-437,725,1838,-274,2599,329,62,-31
370,207,882,-406,-1549,-871,-220,-24,-461,154,555,67,46,-2301,1300,-134,-672,29,-28,-315,687,1900,-100,2375,331,-17,-34
372,193,863,-701,-1471,-1091,-254,-19,-446,193,586,-4,-26,-2428,997,-158,-672,43,-50,-233,638,1904,-46,2123,327,-64,-31
359,254,898,-471,-1328,-1274,-276,-17,-441,252,621,-72,121,-2534,718,-167,-667,50,-95,-191,558,1961,4,1826,325,-106,-25
456,268,820,-618,-1273,-1454,-298,-12,-432,224,628,-151,208,-2671,477,-170,-666,65,-115,-167,479,2085,188,1502,318,-167,-4
474,259,820,-680,-1111,-1695,-323,-13,-424,191,622,-249,372,-2781,252,-171,-670,93,-82,-96,435,2273,159,1295,312,-204,12
440,311,751,-601,-850,-1680,-332,-11,-417,147,671,-375,571,-2859,50,-163,-668,109,-35,42,400,2362,193,1256,308,-238,33
510,369,766,-881,-556,-1665,-342,-12,-416,103,695,-446,680,-2938,-145,-154,-666,128,-2,152,350,2450,336,1188,298,-270,59
549,408,824,-741,-381,-1751,-345,-16,-413,3,683,-488,482,-3079,-342,-126,-674,136,39,238,307,2799,217,1076,286,-312,102
519,401,804,-691,-214,-1640,-349,-14,-407,-131,770,-744,-452,-3382,-1047,-52,-676,125,104,258,254,3132,52,865,284,-330,141
516,411,745,-873,-40,-1458,-348,-12,-410,-204,895,-727,-354,-3112,-1463,-17,-674,109,159,246,142,3389,149,551,280,-341,184
522,481,756,-952,195,-1355,-342,-8,-411,-217,853,-722,-590,-2966,-1804,29,-672,82,205,120,4,3691,411,154,286,-331,262
528,505,929,-699,454,-1224,-329,-17,-417,-242,669,-720,-1246,-2794,-2196,91,-656,29,293,-107,-93,4133,457,-239,291,-311,308
478,359,857,-192,633,-1002,-323,-11,-423,-451,508,-607,-1493,-2286,-2570,137,-634,0,408,-244,-151,4552,-152,-604,302,-280,337
402,381,854,-665,683,-733,-304,-4,-427,-566,478,-617,-1333,-1593,-2931,185,-610,-29,530,-514,-183,4514,-1095,-939,336,-207,348
516,537,1155,-727,804,-618,-293,-6,-430,-802,546,-490,-1310,-1200,-3205,257,-550,-64,624,-921,-216,4450,-1688,-1669,361,-131,344
539,337,968,-253,763,-671,-282,21,-437,-960,735,-508,-1413,-532,-3514,296,-500,-82,608,-1367,-271,4344,-1782,-2748,378,-40,322
381,304,850,-1411,779,-265,-262,55,-441,-1043,964,-384,-1545,-45,-3700,359,-400,-109,572,-1897,-286,3835,-2040,-3933,380,124,268
542,297,912,-1333,934,97,-246,70,-440,-1153,1041,-388,-2527,483,-3787,393,-319,-119,541,-2022,-383,2971,-2125,-5160,345,244,223
404,209,738,-915,913,-10,-221,98,-439,-1059,1337,-355,-3717,1245,-3720,418,-228,-113,438,-2037,-501,2482,-1905,-6049,289,348,161
392,209,644,-1339,1164,736,-184,120,-443,-1371,1077,-401,-5790,2039,-3389,450,-109,-52,405,-2039,-518,2790,-2648,-6162,200,428,78
345,243,877,-832,1262,924,-152,121,-448,-1683,398,-516,-7823,3229,-2378,456,-72,21,277,-2039,-648,3011,-4088,-5972,39,478,-27
308,293,890,-65,1502,1254,-115,139,-447,-1686,374,-325,-8125,3800,-938,457,-77,85,209,-2039,-674,2703,-3517,-5805,-62,474,-67
352,535,1085,-595,1723,1592,-51,138,-444,-1608,448,-151,-6832,3063,564,455,-137,140,145,-2039,-567,1832,-3696,-5118,-164,457,-88
168,531,1184,-376,1680,2155,1,148,-434,-1476,436,-151,-5585,1999,1644,449,-198,157,352,-2039,-115,1825,-5401,-3806,-318,411,-72
-595,-6,1125,-898,1716,3496,56,142,-420,-1560,459,-112,-4156,1221,2587,426,-300,164,628,-2039,403,1799,-8352,-1877,-398,398,-7
-1198,-263,1015,-1249,1491,5060,90,125,-413,-1515,460,-21,-2788,798,3354,402,-363,160,667,-2039,720,1518,-9805,55,-433,409,77
-667,-131,1039,-833,61,4182,77,100,-427,-1384,650,130,-1731,460,3600,375,-424,158,744,-2039,863,976,-8735,1607,-407,458,175
28,-25,1297,670,-1132,1124,61,75,-439,-1153,775,197,-691,114,3461,325,-493,146,953,-2039,824,717,-7214,3169,-337,508,211
-462,-131,1050,1096,-1179,1312,59,59,-443,-1025,804,264,-511,-168,3305,290,-534,134,1126,-2039,881,1632,-6945,5175,-232,544,223
-495,-250,848,-264,-853,2729,42,50,-449,-858,802,289,-675,-347,3141,250,-570,118,1182,-2039,822,1256,-4983,6420,-89,556,229
-227,-118,1044,-163,-1063,1684,31,29,-457,-667,828,286,-525,-718,3059,188,-616,93,787,-2039,732,-306,-1643,5729,-11,549,232
-21,41,1222,1090,-912,618,13,10,-461,-570,743,286,-589,-1133,2927,146,-634,76,674,-2039,529,-508,-820,4755,68,519,230
-114,90,1153,931,-882,402,-8,-1,-469,-396,672,283,-480,-1412,2650,89,-660,57,590,-2039,458,163,-591,4830,143,479,216
21,57,1036,245,-1016,565,-32,-3,-470,-272,743,301,-107,-1819,2490,51,-668,51,446,-1775,468,633,-327,5037,243,391,192
39,66,997,6,-1322,156,-55,-1,-470,-206,822,247,318,-2022,2280,10,-675,51,268,-1492,504,567,-544,4881,291,326,182
96,146,1042,206,-1303,28,-95,-8,-474,-107,735,179,377,-2193,2186,-42,-679,46,123,-1269,586,452,-254,4464,331,256,167
207,132,914,276,-1466,-331,-122,2,-475,-34,608,115,32,-2360,1987,-70,-679,40,11,-992,655,732,-528,4136,364,152,129
198,186,959,-267,-1551,-756,-149,3,-472,87,509,-15,-143,-2483,1620,-100,-677,43,-81,-817,700,1183,-1149,3869,370,82,102
322,171,963,-78,-1468,-923,-190,3,-461,155,508,-120,24,-2537,1253,-125,-674,54,-134,-616,722,1619,-1212,3636,372,14,82
296,124,886,-309,-1484,-1399,-218,9,-459,207,527,-172,330,-2573,1007,-140,-670,68,-79,-438,621,1798,-1007,3335,364,-84,73
364,224,925,-515,-1327,-1521,-242,8,-453,193,582,-256,604,-2630,732,-150,-670,95,-63,-286,437,2109,-515,2949,353,-137,74
442,237,931,-350,-1290,-1833,-275,10,-439,187,626,-326,734,-2744,478,-149,-672,115,-32,-225,330,2381,-219,2462,344,-189,85
444,305,805,-621,-1161,-1942,-295,17,-432,200,633,-361,716,-2838,262,-144,-670,132,21,-68,226,2610,-224,2179,322,-255,114
503,314,703,-1157,-945,-1967,-312,24,-423,93,677,-474,588,-2916,4,-124,-672,149,91,78,178,2646,12,1999,308,-292,135
510,351,914,-1136,-554,-1964,-321,17,-420,11,756,-521,424,-3092,-257,-109,-670,158,93,167,173,2690,51,1802,293,-318,158
541,336,826,-468,-260,-1805,-329,21,-418,-29,840,-567,312,-3167,-442,-88,-671,162,88,229,182,2898,-430,1413,283,-336,181
486,370,832,-960,-131,-1698,-331,21,-418,-78,878,-625,57,-3259,-685,-48,-675,151,115,223,134,3007,-654,1016,272,-354,228
591,423,869,-777,198,-1478,-327,19,-418,-167,874,-693,-381,-3285,-946,-14,-677,136,116,183,52,3077,-161,639,268,-352,269
433,346,881,-768,537,-1040,-312,24,-423,-203,829,-746,-767,-3094,-1361,38,-672,97,324,-629,-255,4499,-688,-1331,324,-107,446
477,359,890,-360,649,-853,-300,30,-429,-336,808,-723,-1070,-2908,-1695,73,-664,67,117,-2039,-945,2519,-1506,-6185,133,466,37
516,291,984,-549,692,-427,-250,71,-437,-307,782,-795,-1091,-2642,-1967,110,-650,36,271,-2039,-1155,2134,-145,-5576,21,481,-27
277,116,599,-1262,1253,1114,-127,174,-432,-375,597,-686,-1198,-2326,-2295,166,-623,-12,321,-2039,-851,2155,-2033,-4078,-63,472,-71
-539,-71,853,-666,1487,3224,75,156,-411,-673,190,-544,-1418,-1747,-2552,212,-593,-33,231,-2039,-508,1721,-4356,-3346,-160,461,-84
-828,-114,1230,-511,1057,3994,95,114,-416,-842,391,-455,-1039,-895,-3024,256,-555,-52,-163,-2039,-211,981,-5737,-3181,-304,426,-59
-652,-82,1704,1340,-9,3559,91,44,-435,-1042,759,-288,-925,-545,-3474,315,-482,-81,-168,-2039,10,875,-6851,-2609,-373,416,-14
-391,-47,1294,1560,-781,2279,82,53,-438,-954,1025,-412,-1393,-387,-3653,354,-412,-108,132,-2039,280,838,-7523,-658,-404,427,41
-297,-26,1004,-776,-1004,1853,70,48,-443,-916,1088,-402,-2480,6,-3721,398,-298,-122,642,-2039,556,1590,-8028,1819,-368,479,121
-169,-16,1168,-340,-1278,1575,40,35,-454,-922,954,-437,-3876,1043,-3503,424,-219,-107,938,-2039,871,2065,-8635,4515,-299,517,155
-141,-53,998,284,-1400,1244,20,37,-457,-1323,849,-323,-5134,2311,-2979,444,-143,-65,878,-2039,1091,1423,-7316,5793,-212,551,159
-125,-70,1009,-284,-1241,1064,1,29,-461,-1751,779,-383,-6343,3322,-2239,457,-91,24,837,-2039,1033,1070,-4947,6029,-75,553,132
13,-69,978,119,-1213,682,-30,29,-466,-1797,721,-406,-6828,3312,-839,463,-106,74,865,-2039,840,1152,-2766,5876,16,529,114
-41,63,1014,94,-1310,252,-53,23,-468,-1753,576,-349,-6549,2754,728,458,-146,112,806,-2039,680,1008,-709,5520,97,493,108
78,174,1137,348,-1377,105,-84,12,-473,-1687,609,-217,-5120,2363,2099,443,-240,147,724,-1978,674,654,637,5133,170,446,101
209,116,1032,490,-1599,-430,-129,17,-471,-1547,616,-144,-3736,1820,2953,425,-308,157,550,-1674,599,724,471,4798,250,362,80
418,290,931,-956,-1374,-1581,-292,30,-429,-1465,598,-73,-3059,1262,3389,384,-406,151,311,-1436,532,1144,199,4140,288,302,73
577,280,753,-484,-1261,-1992,-319,45,-417,-1313,694,-64,-2248,893,3621,346,-466,153,260,-1224,514,1224,363,3770,318,233,57
395,236,707,-1463,-903,-2044,-330,50,-410,-1207,840,-17,-1419,654,3639,304,-515,146,184,-959,541,1396,-182,3843,343,123,24
491,308,825,-1104,-452,-1853,-345,42,-408,-1069,846,99,-964,459,3650,233,-579,135,158,-817,642,1771,-822,3751,343,44,-5
569,335,907,-785,-368,-2303,-359,31,-400,-804,744,239,-796,258,3560,188,-609,124,260,-446,752,2024,-1341,3704,334,-27,-24
461,360,756,-826,-166,-2268,-359,36,-400,-542,744,390,-794,-116,3271,143,-636,108,303,-192,656,1875,-1258,3504,313,-134,-35
544,362,957,-1371,167,-2000,-359,32,-399,-415,830,437,-681,-605,2973,72,-661,77,257,-88,624,1958,-690,3204,288,-203,-38
586,315,1049,-826,405,-2045,-351,34,-402,-271,649,371,-894,-1203,2847,30,-671,53,282,117,721,2552,-1166,2865,258,-257,-42
357,389,925,-1106,654,-1824,-340,53,-408,-185,634,324,-1078,-1690,2540,-26,-676,30,277,187,642,2600,-1553,2375,229,-325,-15
641,472,918,-1684,999,-1386,-331,55,-411,-113,685,300,-733,-2054,2139,-61,-673,18,212,192,397,2585,-607,1596,219,-363,19
500,298,768,-1300,914,-1667,-310,81,-414,31,628,205,-413,-2281,1929,-99,-676,14,236,220,277,3016,8,1182,204,-397,58
462,316,913,-1576,1093,-947,-298,88,-419,114,543,144,-391,-2539,1777,-143,-668,14,399,253,148,4012,-855,501,192,-435,168
504,268,951,-825,1108,-823,-286,103,-418,102,619,120,-246,-2767,1456,-168,-667,21,394,-944,231,6071,-3466,-2996,339,-241,257
484,223,858,-1119,962,-573,-261,132,-422,-45,618,-141,161,-3666,902,-230,-653,76,511,-1541,1098,5025,-5502,-3312,378,-76,64
420,59,666,-1238,1013,-143,-245,152,-422,-151,557,-591,-358,-4106,223,-216,-656,114,481,-1927,1227,3979,-6021,-4012,348,-11,-33
321,83,820,-1064,1068,278,-223,153,-428,-138,639,-666,-349,-4070,-275,-198,-660,125,596,-2025,1460,3368,-5920,-4259,298,51,-124
315,72,829,28,1181,652,-180,154,-434,-245,890,-833,-449,-4240,-1201,-116,-677,115,432,-2038,1017,1974,-5511,-4821,191,185,-196
70,114,859,-3,1285,758,-148,153,-440,-198,919,-963,-1395,-4332,-1566,-78,-681,86,-236,-2039,661,11,-3829,-6063,101,245,-229
212,174,1034,178,1600,1031,-118,143,-443,-156,809,-1011,-1791,-3970,-1967,-11,-676,33,-463,-2039,733,-187,-3519,-5427,-3,265,-252
212,199,777,83,1688,705,-62,163,-437,-202,819,-995,-1905,-3329,-2507,30,-668,-3,-142,-2039,445,75,-4505,-3727,-81,265,-259
-21,266,1237,-765,1780,1332,-17,138,-441,-126,628,-908,-1748,-2612,-2737,91,-644,-44,251,-2039,298,287,-4211,-1684,-184,258,-249
-175,362,1158,801,1663,2194,17,138,-433,-596,367,-515,-1250,-1860,-2857,139,-629,-47,217,-2039,834,99,-4719,-390,-263,266,-222
-464,72,1017,-742,1304,2783,67,133,-419,-844,497,-280,7,-831,-2919,175,-612,-35,-27,-2039,1292,-678,-5731,106,-335,291,-167
-914,92,1205,-1155,711,3701,96,111,-419,-998,618,-82,1049,-769,-2811,244,-566,-38,112,-2039,1264,-1121,-6073,1043,-394,332,-90
-920,-117,1134,-150,189,4166,94,90,-420,-1175,900,-405,407,-965,-3193,284,-519,-70,394,-2039,1092,-259,-5776,2481,-394,376,-45
-366,-38,1232,-151,-928,2656,64,65,-442,-888,1370,-584,-1789,-669,-3629,329,-450,-108,715,-2039,1218,232,-5236,4194,-366,424,-6
-215,63,1326,616,-1682,1248,48,48,-449,-1000,1155,-577,-3651,59,-3704,377,-343,-135,761,-2039,1411,-89,-4585,5220,-302,491,46
-306,-30,1163,393,-1439,1700,29,50,-452,-1183,696,-529,-4337,1416,-3071,410,-268,-120,788,-2039,1354,-159,-4625,5365,-229,522,59
-293,-87,955,-539,-1431,1881,-1,60,-455,-1375,721,-461,-4707,2629,-2704,441,-164,-68,700,-2039,1099,396,-3890,5990,-145,532,51
-105,-66,983,-627,-1394,1405,-18,55,-462,-1536,598,-413,-5583,3129,-2327,454,-126,-19,445,-2039,1131,775,-2175,5969,-25,514,28
-129,-39,1046,15,-1354,905,-39,52,-465,-1685,610,-380,-6714,3167,-1045,460,-115,33,327,-2039,1154,744,-954,5423,62,484,16
-45,35,1040,155,-1306,745,-64,52,-465,-1709,529,-422,-6156,3150,198,459,-155,99,391,-2039,1007,640,48,5493,144,426,9
124,51,1072,94,-1581,251,-110,50,-468,-1561,476,-404,-5471,2595,1325,453,-203,124,288,-1874,808,800,808,5811,213,359,1
177,70,933,33,-1741,-350,-143,65,-463,-1542,598,-266,-4622,1900,2179,443,-260,136,161,-1632,748,1069,319,5249,277,239,-32
224,44,851,-467,-1798,-502,-177,71,-456,-1413,563,-166,-3370,1463,2825,408,-352,142,122,-1318,705,1550,-447,4934,302,150,-50
295,165,881,-417,-1714,-864,-224,67,-446,-1327,523,-104,-2618,1089,3208,383,-412,143,114,-875,658,1675,-495,4844,311,62,-62
457,155,969,-14,-1622,-1181,-256,64,-438,-1228,708,46,-2080,851,3369,332,-489,134,73,-575,670,1650,-500,4593,308,-60,-74
458,177,869,-166,-1568,-1429,-278,68,-431,-1081,826,234,-1275,557,3367,293,-535,123,67,-402,795,1493,-463,4007,291,-126,-77
444,154,748,-598,-1226,-1337,-312,77,-413,-878,841,263,-1060,90,3298,252,-572,102,32,-313,1051,1222,-423,3464,265,-182,-86
438,138,818,-840,-1005,-1473,-332,69,-404,-716,806,238,-1188,-325,3097,188,-615,66,85,-177,993,1131,-1033,3323,226,-275,-79
441,192,854,-623,-819,-1653,-351,68,-396,-577,755,206,-1205,-703,2858,145,-636,44,171,-85,704,1830,-772,2968,204,-325,-50
555,308,898,-678,-728,-1875,-378,60,-383,-383,740,189,-1126,-1069,2647,105,-647,17,233,29,436,2556,264,2383,189,-372,-12
563,301,676,-899,-707,-2124,-394,67,-373,-170,626,160,-1130,-1427,2513,46,-659,-16,222,135,259,2830,522,1881,161,-425,42
538,267,716,-1650,-525,-2043,-401,62,-366,-23,550,129,-769,-1683,2248,6,-666,-25,151,228,120,2888,-113,1565,140,-456,77
561,246,850,-908,-188,-1966,-410,45,-361,4,673,290,-213,-1787,2075,-49,-676,-17,174,244,-10,3023,-808,1216,119,-476,115
540,388,826,-757,-35,-2054,-415,38,-362,59,815,327,479,-1778,1842,-85,-673,-7,248,271,4,3041,-998,1120,102,-494,151
589,390,799,-1171,238,-1951,-412,36,-364,69,834,281,647,-2166,1744,-117,-673,1,178,263,69,2880,-1449,795,95,-501,192
616,420,960,-1090,495,-1891,-405,19,-370,146,738,188,359,-2390,1664,-170,-665,7,155,174,58,2754,-2046,113,107,-495,222
544,410,1068,-613,686,-1648,-393,17,-380,129,678,140,-7,-2547,1518,-193,-657,14,233,19,-45,2989,-2034,-494,124,-484,265
419,211,964,-667,975,-1252,-378,26,-386,97,641,12,-221,-2812,1295,-218,-655,23,409,-246,-161,3567,-1891,-981,159,-450,325
420,353,652,-1636,1088,-1062,-359,61,-396,98,483,-161,-284,-3303,1154,-246,-650,44,475,-358,-243,4143,-2314,-1211,198,-412,342
606,274,989,-2126,1194,-1048,-348,61,-400,48,473,-319,-205,-3610,908,-255,-642,65,537,-542,-190,4148,-3393,-1579,242,-370,340
419,268,936,-772,1106,-1070,-329,80,-407,91,567,-397,189,-3517,490,-255,-644,95,564,-868,-9,3713,-4308,-2169,320,-286,275
544,281,863,-1378,1167,-407,-309,101,-413,-35,616,-451,21,-3648,180,-248,-646,107,441,-1213,262,3052,-5193,-2935,363,-208,190
404,119,787,-944,1070,-196,-288,117,-415,-242,690,-558,-443,-3905,-238,-228,-652,117,269,-1888,860,2100,-6197,-4121,374,-122,77
285,121,638,-780,1084,394,-270,136,-418,-336,709,-644,-882,-4155,-738,-184,-667,110,31,-2021,1123,1506,-6802,-4810,320,19,-91
391,272,969,-547,1135,804,-233,113,-435,-239,782,-732,-1278,-4302,-1329,-148,-675,97,-86,-2037,1030,1302,-6840,-5214,253,126,-162
285,332,1067,1043,1232,867,-199,115,-443,-218,1027,-857,-1454,-4021,-1883,-102,-683,74,-330,-2039,331,108,-5254,-6373,182,248,-170
187,286,837,395,1533,1165,-163,131,-447,-231,1046,-950,-1741,-3657,-2240,-41,-674,9,-795,-2039,-254,-1314,-1467,-7906,100,339,-163
21,322,1121,-584,1810,1531,-101,126,-448,-154,968,-1024,-2531,-3168,-2588,1,-669,-31,-648,-2039,-438,-806,-1317,-7666,-67,366,-193
-60,403,1266,160,1816,1896,-65,132,-443,-164,827,-984,-2357,-2163,-2851,71,-643,-74,174,-2039,-112,346,-5290,-4234,-162,361,-193
-166,326,1238,-539,1334,2378,-33,147,-439,-340,527,-740,-1661,-1017,-2973,118,-624,-84,507,-2039,298,528,-7103,-749,-259,357,-163
-270,345,1173,-1091,817,3027,4,150,-431,-825,413,-356,-734,-37,-2927,164,-612,-71,481,-2039,650,-107,-7905,188,-354,389,-66
-367,299,1281,-897,66,3564,22,137,-431,-1246,333,-95,765,584,-2739,227,-583,-32,456,-2039,900,-1322,-7452,1103,-385,428,17
-556,-7,1361,-263,-432,4036,40,124,-435,-1300,896,-10,1565,382,-2888,280,-535,-38,602,-2039,784,-1138,-7918,2265,-385,456,88
-798,-150,874,-406,-565,4347,56,133,-425,-1147,1508,-249,-183,-154,-3856,328,-473,-77,907,-2039,607,985,-8847,3599,-304,511,128
-674,-279,647,-1835,-760,4280,53,126,-427,-919,1474,-609,-3435,-197,-4062,382,-339,-134,1066,-2039,692,2744,-8121,5547,-210,544,134
-380,-234,883,-809,-1228,2747,42,110,-437,-1088,1159,-676,-6281,969,-3584,411,-246,-125,878,-2039,895,1386,-5180,6767,-115,556,142
