-621,154,880,-233,-407,100,215,-342,-369,855,704,190,820,2921,-2233,-561,-307,-219,-398,1772,-412,2843,3207,-529,187,-570,682
-654,127,887,-360,-390,141,208,-334,-378,748,745,212,734,2710,-2509,-517,-360,-250,-314,1635,-418,2945,2719,-229,148,-414,716
-623,125,865,-398,-250,272,200,-332,-383,618,773,274,673,2402,-2748,-437,-433,-280,110,1417,-256,2939,2714,179,29,-218,767
-606,118,872,-388,-184,265,198,-329,-384,404,728,356,451,2082,-2855,-383,-470,-292,163,1218,-365,2787,2588,525,-24,-170,777
-600,123,878,-359,-40,308,194,-327,-383,93,918,256,167,871,-3120,-197,-566,-307,272,1156,-463,2298,2619,1112,-69,-121,786
-620,134,882,-330,93,363,193,-328,-384,-111,850,277,127,110,-3123,-83,-587,-295,318,967,-632,2469,1651,2204,-170,9,784
-645,127,881,-282,196,406,192,-329,-386,-316,721,317,502,-415,-3250,23,-594,-276,225,305,-125,1239,3135,3881,-302,365,625
-666,138,883,-245,275,422,195,-329,-383,-430,806,305,743,-621,-3260,64,-596,-260,33,207,-199,843,2564,3924,-275,396,613
-693,133,876,-246,297,400,197,-330,-383,-432,865,417,1123,-920,-3248,95,-591,-254,-154,137,-241,95,1344,4454,-173,434,602
-728,138,837,-207,313,369,199,-334,-382,-470,688,486,856,-1280,-2996,129,-568,-265,-412,105,-303,-215,1276,4320,-128,435,611
-764,140,826,-155,325,285,201,-331,-381,-503,567,499,108,-1493,-2568,140,-544,-278,-569,56,-322,-426,894,4535,-76,423,612
-722,131,778,-48,331,160,209,-334,-372,-485,423,582,-201,-1635,-2287,150,-519,-302,-589,127,-440,-418,662,4471,-30,408,623
-752,140,727,129,359,64,215,-345,-363,-533,366,634,-274,-1774,-1962,147,-483,-334,-906,111,-560,-529,729,4073,24,366,638
-771,178,735,536,559,155,223,-366,-341,-493,241,776,-246,-1895,-1874,136,-450,-360,-964,117,-584,-687,815,4156,57,333,649
-779,221,690,1222,890,253,238,-403,-301,-509,220,818,-482,-1887,-1665,123,-430,-376,-878,281,-791,-642,510,3756,80,292,664
-832,332,724,1717,1141,275,246,-431,-271,-437,228,834,-595,-1908,-1514,106,-411,-395,-1048,294,-991,-1003,708,3270,96,234,685
-824,355,673,1826,1149,207,255,-453,-239,-316,-4,974,-641,-1953,-1385,82,-381,-418,-1172,265,-996,-955,979,3236,106,199,698
-843,387,606,1734,1019,84,265,-477,-200,-316,-107,1020,-712,-1706,-1199,67,-364,-429,-1417,241,-1041,-512,637,2985,119,168,699
-882,394,560,1498,833,-13,271,-485,-173,-223,-32,1059,-444,-1492,-1159,51,-358,-432,-1658,136,-1007,-215,373,2928,127,142,705
-872,376,546,1371,694,-34,274,-496,-152,-230,-9,1108,-141,-1333,-1107,36,-350,-442,-1891,24,-1043,94,422,2328,127,130,709
-861,428,500,1214,491,-64,279,-505,-126,-217,58,1167,-127,-1103,-925,26,-341,-447,-1842,22,-1084,87,303,1357,133,128,706
-880,432,474,968,320,-99,283,-508,-113,-158,84,1196,-126,-851,-733,17,-336,-449,-1635,69,-1076,99,-201,345,138,144,697
-872,418,472,869,261,-86,285,-510,-102,-142,129,1195,-67,-606,-515,9,-332,-452,-1442,106,-1060,193,-558,-709,140,162,690
-882,417,436,736,63,-106,283,-509,-93,-108,97,1230,-59,-359,-253,12,-334,-451,-1312,108,-1001,240,-470,-1435,137,190,684
-872,426,470,591,-113,-203,288,-510,-89,-130,40,1216,-91,23,14,18,-332,-452,-1217,100,-910,407,-463,-1979,132,219,672
-867,453,472,494,-187,-247,292,-507,-86,-146,42,1174,-66,373,252,30,-336,-448,-1127,102,-918,552,-558,-2358,116,274,655
-843,461,490,414,-219,-215,294,-506,-84,-203,37,1125,52,705,442,40,-340,-445,-1018,72,-854,693,-654,-2842,99,314,641
-847,459,485,293,-174,-180,295,-506,-87,-251,21,1070,93,952,626,60,-344,-440,-920,42,-812,838,-779,-3192,72,352,628
-856,474,497,195,-133,-152,295,-507,-85,-286,6,1035,112,1140,777,75,-356,-432,-751,22,-781,816,-887,-3306,36,408,602
-866,458,492,94,-80,-100,297,-504,-85,-350,63,984,192,1311,899,97,-370,-419,-688,-32,-658,964,-1042,-3430,0,439,581
-855,442,490,-29,-33,-66,294,-502,-88,-402,80,929,284,1470,983,117,-383,-403,-593,-41,-462,1048,-696,-3659,-44,465,564
-846,444,492,-148,-29,-46,295,-499,-89,-453,106,892,372,1637,1044,136,-400,-388,-383,-35,-275,1155,-681,-3811,-119,501,536
-851,424,495,-238,-43,-27,296,-498,-97,-514,211,776,545,1829,1069,160,-430,-361,-250,-84,-230,1134,-958,-4086,-164,502,523
-861,446,491,-289,-56,-17,296,-495,-105,-544,280,751,666,1933,1090,179,-449,-337,-239,-88,-226,846,-1229,-3927,-210,502,515
-868,436,516,-317,-97,-22,293,-497,-111,-592,354,697,706,2043,1128,192,-469,-316,-57,2,-139,722,-1729,-3879,-272,486,518
-855,401,515,-378,-82,11,295,-491,-121,-631,409,594,696,2088,1196,210,-499,-275,131,55,-84,538,-2037,-4248,-317,459,526
-867,408,512,-435,-80,-10,293,-491,-129,-638,425,519,631,2083,1307,215,-522,-255,161,51,-68,132,-1562,-4121,-349,433,539
-871,415,547,-476,-132,11,293,-484,-135,-631,467,473,541,2085,1424,215,-551,-220,261,277,-94,16,-1824,-3682,-362,384,578
-842,389,549,-595,-210,23,289,-478,-156,-617,525,370,408,2025,1576,211,-570,-199,388,380,-142,-88,-2959,-3386,-368,348,607
-855,371,573,-725,-234,3,290,-472,-170,-625,610,263,208,1933,1802,195,-588,-183,453,543,-31,-617,-2561,-3330,-382,302,631
-859,366,588,-757,-229,18,287,-466,-182,-531,554,217,68,1815,2052,165,-618,-168,759,791,-185,-844,-1634,-3338,-376,256,665
-837,344,581,-827,-245,24,286,-456,-197,-442,562,127,-177,1649,2295,131,-638,-161,819,737,-418,-1192,-2551,-3026,-352,181,707
-848,342,594,-834,-246,43,280,-451,-211,-388,728,84,-230,1462,2603,93,-651,-155,526,794,-382,-1689,-1966,-2117,-344,147,730
-859,323,635,-666,-214,68,277,-446,-219,-203,672,53,-79,1131,2851,30,-674,-156,625,944,-351,-1383,-1380,-1605,-312,103,752
-797,302,634,-556,-273,74,272,-437,-236,-222,817,18,-185,889,3078,-21,-681,-152,326,934,-442,-1535,-2460,-1585,-268,22,782
-829,340,634,-599,-369,23,268,-435,-247,16,949,3,42,598,3176,-82,-685,-152,123,1147,-474,-2375,-1792,-1124,-235,-50,801
-825,307,713,-515,-323,92,261,-430,-256,126,832,-16,114,191,3328,-174,-670,-162,115,1300,-1257,-2861,-2126,-1686,-178,-142,816
-758,282,693,-536,-366,109,258,-420,-274,166,1062,-6,-376,-137,3472,-240,-654,-159,159,1439,-1471,-3587,-3140,-2107,-80,-270,833
-770,266,710,-659,-318,64,249,-414,-284,289,1092,-77,24,-496,3483,-342,-613,-152,67,1553,-1528,-2662,-3482,-2201,0,-372,827
-708,282,724,-622,-256,177,245,-411,-294,358,1101,-100,124,-798,3602,-402,-578,-143,-119,1540,-1553,-1876,-4208,-2178,82,-512,758
-767,223,729,-684,-229,224,239,-403,-307,455,1216,2,-6,-944,3572,-461,-532,-125,-295,1537,-1352,-2025,-4304,-1649,150,-574,599
-771,237,689,-683,-182,252,236,-396,-316,711,1083,88,84,-1184,3435,-538,-454,-103,-590,1524,-1251,-1816,-4342,-796,211,-485,401
-759,235,777,-647,-190,218,230,-392,-319,876,1176,126,-285,-1418,3300,-577,-402,-83,-992,1300,-1269,-1360,-4844,525,224,-440,329
-775,171,788,-349,-214,175,226,-386,-331,915,1082,196,-406,-1698,2971,-611,-344,-58,-1136,1137,-1012,-913,-5172,1857,230,-421,282
-713,171,737,-269,-293,-3,216,-384,-334,925,1035,184,-1085,-2023,2860,-650,-250,-15,-1089,1052,-769,-126,-4609,1947,227,-432,234
-697,206,799,-209,-347,-152,219,-377,-338,991,913,97,-2049,-2340,2725,-666,-196,21,-1076,1192,-564,217,-3648,2070,213,-445,208
-725,181,758,-78,-241,-234,222,-371,-342,987,766,-27,-2718,-2559,2368,-670,-138,87,-1139,1247,-433,271,-2708,2262,186,-468,188
-740,228,783,-85,-180,-365,223,-367,-344,1006,585,-98,-3203,-2727,1919,-665,-114,135,-1169,1229,-445,-306,-2359,2619,133,-506,131
-775,208,805,9,-123,-412,230,-360,-342,1096,463,36,-3285,-2739,1472,-655,-104,178,-1113,1080,-468,-1265,-1944,3090,86,-527,98
-741,183,746,60,-109,-414,230,-357,-345,1152,386,-24,-3098,-2625,991,-636,-107,239,-1034,782,-428,-1525,-1452,3253,35,-541,79
-747,228,765,80,-26,-433,232,-355,-340,1213,355,-10,-2886,-2477,570,-624,-125,273,-800,909,-36,-726,-1264,3263,-33,-569,98
-806,222,822,153,64,-341,237,-352,-341,1176,388,-43,-2443,-2113,111,-610,-146,301,-479,1267,152,1007,-1528,2738,-75,-576,108
-771,186,800,130,46,-301,238,-347,-340,1084,440,-83,-2019,-1759,-264,-590,-179,328,-258,1240,39,699,-1375,2335,-118,-580,89
-739,132,784,26,2,-370,243,-343,-338,1048,377,-78,-1798,-1497,-383,-577,-208,340,-177,1056,34,-895,-865,2406,-158,-576,59
-754,115,775,74,50,-331,248,-345,-338,1018,228,-71,-1971,-1155,-378,-561,-249,344,-382,792,6,-1729,190,2441,-204,-552,-8
-769,151,806,163,94,-259,249,-348,-336,910,220,-270,-1938,-871,-482,-552,-272,348,-704,560,38,-2208,1047,2361,-232,-536,-40
-761,183,825,242,124,-160,252,-350,-330,856,189,-409,-1520,-752,-653,-543,-294,352,-808,643,-90,-1539,745,1845,-248,-525,-55
-760,176,816,250,98,-85,254,-352,-327,810,235,-416,-1010,-736,-636,-528,-313,358,-752,716,-314,-680,39,815,-239,-518,-65
-716,157,773,220,97,-62,256,-354,-325,855,316,-291,-527,-634,-517,-521,-323,366,-868,889,-358,-434,144,-391,-216,-521,-59
-732,155,784,128,54,-71,257,-357,-322,931,285,-265,-123,-457,-350,-520,-324,370,-895,1118,-295,366,571,-1123,-183,-536,-31
-762,162,812,158,69,-9,254,-357,-323,1013,274,-201,233,-243,-143,-517,-309,374,-898,1232,-244,1416,615,-2231,-106,-555,25
-760,162,814,177,78,21,258,-358,-320,1080,284,-174,733,114,38,-526,-296,375,-1123,1351,-203,2092,1024,-2850,-62,-561,78
-738,177,798,137,29,-32,256,-357,-315,1166,267,-72,1087,590,268,-537,-274,370,-1365,1484,-158,2742,1251,-2793,-19,-564,131
-737,191,796,123,6,-51,257,-360,-316,1229,315,-47,1432,1095,482,-562,-235,350,-1388,1721,-193,2792,1107,-2831,48,-543,179
-748,192,786,84,47,-11,258,-361,-318,1263,375,-24,1504,1514,647,-583,-209,327,-1222,1832,-796,2047,415,-3509,89,-524,185
-772,203,793,46,66,24,259,-365,-318,1288,534,60,1538,1835,763,-613,-165,286,-1270,1965,-1233,692,-143,-3780,125,-500,186
-814,181,784,26,56,34,260,-365,-317,1280,507,149,1568,2172,846,-631,-139,245,-1049,2031,-1381,-72,1021,-3555,146,-499,201
-791,197,779,0,16,39,259,-367,-316,1340,523,162,1328,2544,902,-652,-119,200,-1054,2039,-1201,621,1037,-3450,170,-537,310
-783,187,774,-9,-43,-22,255,-364,-319,1306,519,225,1384,2898,674,-666,-105,117,-1163,2040,-985,1315,3128,-3130,207,-544,461
-784,190,803,-18,-100,-56,254,-362,-323,1255,451,291,1440,3207,302,-669,-108,53,-1078,1856,-717,1952,4462,-2504,260,-441,587
-765,197,803,-40,-222,-82,245,-358,-329,1232,721,344,1687,3499,-297,-668,-137,-12,-695,1756,-636,2917,3716,-2280,285,-231,651
-719,191,828,-93,-331,-69,244,-358,-335,1152,750,312,2036,3733,-1165,-642,-204,-112,-439,1679,-706,3363,2483,-2117,256,-140,673
-688,195,839,-133,-349,-57,242,-352,-338,1053,996,292,1807,3771,-1800,-602,-260,-167,-214,1581,-615,2892,2722,-1724,214,-65,700
-675,184,859,-136,-357,29,231,-351,-350,936,885,246,1521,3631,-2353,-533,-338,-238,-5,1324,-602,2941,2988,-1170,131,35,734
-634,187,872,-174,-379,167,225,-353,-355,738,857,285,823,3296,-2615,-476,-388,-273,70,1115,-383,2977,3286,-400,64,97,750
-641,184,892,-244,-276,261,218,-353,-358,574,699,279,420,2941,-2821,-420,-427,-303,266,921,-230,3203,3844,198,8,155,752
-636,177,918,-292,-207,333,207,-347,-364,425,685,279,53,2559,-2897,-323,-476,-328,254,624,-276,3204,3285,644,-50,221,737
-606,176,904,-388,-180,327,204,-348,-369,282,740,342,67,2156,-3006,-267,-499,-339,350,437,-479,2469,2840,1530,-76,252,728
-659,140,886,-454,-90,397,198,-344,-375,107,763,357,45,1644,-3001,-215,-511,-349,441,394,-563,1799,2478,1909,-97,281,716
-670,136,873,-470,-56,473,195,-343,-380,4,753,319,-175,1174,-2896,-142,-523,-350,224,232,-583,1714,2403,2376,-112,305,702
-663,117,842,-469,8,387,192,-335,-385,-134,692,379,-165,750,-2818,-100,-527,-352,167,126,-560,1467,2623,3024,-121,344,680
-688,153,843,-472,74,284,192,-329,-384,-256,623,432,-79,460,-2803,-43,-529,-352,263,155,-490,1475,2422,3149,-116,372,662
-709,156,864,-419,104,299,187,-328,-389,-403,668,390,99,172,-2828,-6,-531,-346,81,92,-471,1579,2412,3411,-115,391,642
-689,153,873,-366,63,321,186,-325,-390,-464,696,395,343,-183,-2835,20,-529,-343,-167,38,-385,1288,2913,3815,-92,422,617
-679,136,843,-369,88,317,185,-324,-392,-477,568,463,400,-428,-2824,62,-518,-341,-324,4,-233,1473,2637,4028,-74,437,603
-714,144,835,-378,174,311,184,-317,-395,-540,525,548,360,-665,-2731,80,-510,-336,-563,-96,-405,1473,2316,3995,-42,440,592
-697,111,849,-329,119,246,184,-315,-396,-561,531,573,401,-904,-2599,95,-501,-340,-700,-116,-280,1059,1875,3984,28,443,566
-670,111,838,-234,74,135,186,-317,-393,-535,493,653,320,-1167,-2448,106,-484,-353,-851,-161,-280,1432,635,4129,79,433,547
-702,126,818,-73,156,110,188,-325,-391,-515,411,742,-24,-1388,-2220,107,-463,-363,-846,-113,-390,1289,365,4032,114,416,546
-700,92,780,246,283,129,195,-338,-375,-511,365,874,-299,-1492,-2029,103,-437,-384,-960,-81,-481,938,913,3468,147,387,547
-707,169,769,762,562,176,206,-363,-357,-487,200,931,-424,-1480,-1865,98,-412,-394,-1058,-114,-434,693,1483,3139,170,367,554
-746,198,736,1392,902,292,219,-414,-315,-419,56,957,-633,-1379,-1660,92,-396,-406,-988,-50,-468,740,1250,2923,181,345,559
-806,295,730,1882,1126,369,232,-439,-280,-414,89,887,-558,-1182,-1541,84,-373,-419,-1257,-50,-524,439,1229,2408,190,322,573
-850,334,669,2133,1195,266,238,-468,-242,-347,86,895,-318,-1146,-1529,79,-363,-425,-1375,-74,-451,267,1307,2316,202,293,583
-893,371,618,2135,1097,112,251,-493,-194,-328,31,1013,-226,-1018,-1403,78,-355,-430,-1480,-62,-509,377,970,2111,206,277,592
-866,438,579,1873,886,-13,258,-501,-171,-334,91,1006,-161,-774,-1264,70,-337,-438,-1726,-133,-483,138,826,1548,208,264,597
-817,448,564,1422,496,-120,259,-508,-157,-278,50,1059,-79,-812,-1167,63,-332,-444,-1845,-173,-402,94,573,1110,207,256,599
-797,461,509,1078,169,-227,267,-511,-134,-279,-15,1080,-175,-691,-958,60,-322,-445,-1750,-133,-469,59,157,377,208,259,599
-807,452,512,868,50,-276,267,-513,-126,-269,8,1119,-110,-422,-547,51,-314,-449,-1521,-94,-563,-206,-242,-515,206,270,593
-816,456,513,772,92,-212,270,-518,-119,-237,-52,1101,-97,-189,-254,53,-308,-452,-1431,-77,-636,-311,-538,-1161,195,292,587
-819,475,489,635,20,-179,276,-516,-108,-248,-89,1116,-117,44,42,57,-311,-452,-1436,-141,-513,-233,-574,-1442,191,312,578
-825,488,493,468,-1,-136,271,-517,-104,-271,-74,1093,-8,304,282,59,-314,-450,-1260,-109,-506,-19,-709,-1816,182,336,569
-818,490,492,334,22,-93,274,-517,-102,-283,-24,1120,59,513,531,71,-325,-445,-1165,-148,-541,-129,-1098,-2226,165,371,549
-820,479,491,201,15,-79,277,-517,-99,-317,16,1074,94,705,787,81,-328,-439,-1046,-152,-550,-269,-1294,-2429,147,394,540
-836,498,495,130,35,-67,280,-516,-99,-363,17,1057,70,851,985,89,-338,-434,-945,-171,-537,-271,-1317,-2764,122,421,531
-838,471,490,84,21,-35,275,-517,-98,-398,4,969,88,1135,1300,111,-361,-415,-839,-197,-590,-241,-1543,-2988,104,445,519
-838,463,491,7,16,-44,276,-519,-98,-421,43,836,136,1241,1425,127,-379,-402,-865,-239,-568,-271,-1647,-3034,56,473,510
-840,468,488,-42,-18,-47,276,-516,-106,-465,121,752,299,1404,1480,139,-406,-384,-819,-215,-440,-93,-1182,-3131,11,502,500
-835,459,511,-117,-86,-36,277,-513,-103,-484,185,662,580,1567,1509,151,-427,-368,-669,-80,-332,223,-1001,-3650,-47,520,492
-811,436,513,-202,-114,-27,274,-510,-115,-498,280,575,835,1715,1559,163,-470,-328,-512,22,-162,215,-873,-4262,-146,530,487
-842,456,516,-245,-170,-52,275,-507,-123,-504,386,524,1066,1845,1590,170,-499,-303,-224,359,4,253,-997,-4676,-216,519,491
-863,451,520,-262,-238,-10,273,-505,-132,-504,513,457,1244,1937,1630,172,-529,-274,37,372,51,-42,-1026,-5056,-284,494,504
-852,450,556,-333,-290,36,269,-504,-145,-416,590,360,1270,1973,1733,166,-574,-230,212,424,23,-293,-1632,-5244,-348,432,546
-819,418,575,-445,-344,34,268,-500,-157,-570,650,263,1064,1916,1897,152,-596,-209,371,695,-208,-630,-2933,-4910,-364,367,596
-813,408,578,-588,-324,8,265,-496,-168,-491,776,210,742,1706,2123,119,-629,-183,807,774,-540,-1563,-3324,-4724,-372,293,644
-814,406,598,-685,-324,4,262,-486,-190,-456,789,240,624,1524,2246,93,-649,-169,907,704,-834,-2110,-3086,-4492,-350,206,699
-789,384,610,-771,-332,17,260,-482,-204,-424,882,220,414,1256,2414,54,-663,-160,758,727,-846,-1710,-2726,-3460,-318,171,723
-775,355,644,-819,-302,-8,257,-471,-218,-291,911,78,232,989,2652,-12,-675,-157,636,630,-347,-833,-2798,-2188,-286,151,745
-727,320,653,-867,-288,25,253,-460,-241,-140,1053,147,-57,724,2827,-61,-679,-166,363,776,-418,-548,-2398,-1510,-244,122,767
-737,336,633,-943,-284,56,246,-450,-257,-157,969,112,-370,440,3040,-118,-669,-177,-161,756,-769,-1489,-3064,-986,-163,50,796
-807,350,731,-1116,-207,248,238,-442,-271,160,898,11,-654,76,3247,-207,-653,-186,-112,903,-643,-2137,-3004,-770,-108,17,807
-772,368,689,-1025,-168,315,233,-428,-289,98,1397,91,-314,-168,3239,-264,-629,-185,-267,1057,-1337,-1541,-3147,-1494,-20,-35,809
-847,304,775,-1022,-219,225,227,-422,-299,191,658,-84,-175,-469,3373,-360,-571,-196,-284,998,-1308,-2194,-4570,-1033,61,-114,808
-779,268,697,-838,-202,284,221,-414,-312,528,777,-12,-873,-801,3595,-413,-548,-180,-126,1303,-1079,-2292,-2620,-1149,111,-168,817
-783,332,799,-758,-298,127,214,-408,-322,571,1263,135,556,-941,3022,-464,-516,-150,-367,1193,-1362,-1628,-2467,-1331,190,-267,798
-753,268,727,-440,-201,154,209,-401,-326,639,1003,162,825,-1184,2905,-532,-449,-124,-652,1057,-1461,-1818,-4093,51,264,-459,674
-760,325,821,-361,-255,155,203,-400,-334,709,1022,145,-129,-1394,2992,-568,-402,-102,-663,1215,-1198,-1974,-3340,301,287,-489,528
-773,235,808,-162,-317,56,197,-395,-344,864,1195,257,15,-1618,2661,-605,-354,-75,-862,1043,-1278,-1005,-3477,417,289,-448,400
-678,227,801,-270,-404,-23,196,-394,-347,789,944,195,-426,-1829,2555,-641,-273,-37,-996,965,-1080,-597,-4831,1418,279,-395,296
-684,273,832,-82,-328,-124,189,-390,-349,848,854,88,-1484,-2085,2444,-654,-227,-4,-1069,1090,-699,-704,-3757,1890,265,-389,263
-650,195,807,-45,-346,-144,189,-385,-353,1019,832,204,-1712,-2238,2043,-667,-186,29,-1073,1303,-496,121,-3422,2500,246,-411,225
-681,187,810,-41,-203,-172,189,-385,-355,1038,764,208,-2107,-2313,1764,-665,-138,92,-1194,1271,-430,681,-3973,3546,202,-451,189
-650,221,784,-35,-166,-229,190,-381,-358,1064,625,96,-2694,-2437,1588,-664,-116,127,-1220,1426,-424,-211,-3254,4460,126,-505,138
-666,227,870,-84,-172,-358,195,-376,-357,1137,399,205,-3033,-2433,1259,-653,-110,188,-1123,1393,-443,-1092,-2151,4242,70,-527,105
-672,193,811,104,5,-385,198,-374,-356,1169,406,7,-2947,-2293,834,-643,-114,230,-1018,1187,-436,-1197,-1955,3733,23,-540,82
-691,230,812,113,93,-351,206,-370,-353,1146,408,-124,-2433,-2238,309,-628,-129,259,-830,1035,-343,-1177,-1113,3181,-30,-548,56
-724,221,891,119,89,-421,211,-365,-349,981,321,-104,-1889,-1590,-291,-598,-181,309,-652,1023,-90,-1001,-174,2410,-56,-552,50
-721,179,810,157,152,-416,219,-362,-348,967,293,-145,-1517,-1316,-431,-588,-201,323,-406,1130,148,-427,7,1851,-84,-558,47
-730,190,815,65,67,-399,221,-365,-351,941,430,-205,-1175,-1146,-526,-572,-233,339,-50,1166,48,-302,-546,1708,-132,-553,22
-720,205,867,110,100,-380,229,-359,-345,862,489,-227,-879,-964,-601,-558,-250,347,69,1156,53,-864,-367,1924,-162,-549,3
-722,152,828,198,149,-311,230,-358,-345,788,467,-280,-856,-793,-578,-546,-277,357,17,1042,148,-1037,314,2113,-191,-544,-13
-728,208,838,137,69,-243,233,-359,-340,787,506,-232,-871,-761,-529,-537,-297,363,-47,976,259,-822,313,2131,-235,-533,-33
-721,211,849,159,92,-164,236,-359,-338,830,451,-252,-869,-748,-587,-523,-316,365,-190,886,196,-617,-144,1893,-262,-522,-45
-716,184,817,84,52,-126,237,-362,-339,890,414,-269,-835,-709,-574,-511,-336,370,-406,777,133,-844,-89,1626,-276,-506,-70
-728,148,795,16,27,-111,236,-361,-337,951,279,-264,-314,-342,-220,-505,-343,376,-676,568,-73,-1161,283,1244,-284,-492,-89
-722,166,811,31,24,-88,239,-357,-338,1131,181,-182,1928,1723,913,-590,-196,317,-773,595,-120,-832,201,533,-284,-497,-80
-719,172,818,54,2,-96,236,-356,-339,1185,632,86,2437,2112,869,-619,-142,274,-735,758,-110,221,-435,-393,-265,-505,-71
-736,160,807,70,-9,-56,238,-358,-342,1210,837,136,2928,2520,564,-636,-119,230,-707,1016,-73,506,57,-1350,-229,-516,-60
-718,165,813,48,-6,-24,236,-360,-338,1272,734,155,2618,2745,392,-653,-104,182,-774,1189,-39,707,810,-1943,-164,-531,-38
-713,170,812,34,21,-10,237,-358,-335,1286,690,236,1929,2948,262,-665,-99,97,-925,1352,-51,946,1427,-2385,-111,-534,-17
-727,166,818,26,80,17,239,-358,-337,1230,583,227,1507,3164,-73,-670,-107,38,-1029,1545,-66,1099,2187,-2524,-61,-534,6
-743,177,820,29,115,32,239,-362,-335,1207,644,225,1565,3236,-496,-661,-153,-49,-1077,1658,-11,1361,2565,-2586,29,-529,52
-750,186,809,9,111,18,241,-365,-332,1140,776,275,1763,3227,-1136,-642,-198,-101,-1290,1814,-102,1370,3368,-3008,90,-511,85
-756,174,814,-28,89,10,241,-363,-331,973,787,252,1571,3141,-1707,-616,-250,-148,-1099,2002,-315,1244,3716,-3600,140,-488,116
-760,165,804,-36,57,20,241,-358,-333,837,847,235,1140,2960,-2132,-556,-328,-206,-825,2036,-458,1757,2116,-3798,183,-468,149
-751,162,798,-52,1,7,239,-359,-335,720,815,256,908,2721,-2510,-513,-384,-238,-681,2040,-684,2025,1232,-3178,190,-488,165
-749,151,810,-35,-70,-43,237,-356,-339,608,809,274,677,2454,-2787,-459,-433,-257,-629,2040,-827,1086,2533,-2602,199,-559,192
-706,201,850,-39,-143,-149,238,-349,-344,441,842,201,561,2182,-3034,-372,-501,-277,-607,1987,-738,897,3922,-1924,232,-676,312
-706,194,851,-32,-133,-109,234,-347,-346,308,914,199,495,1748,-3214,-313,-536,-280,-478,1868,-737,1862,4100,-1111,253,-578,621
-721,178,859,-94,-156,-45,231,-346,-349,199,972,246,468,1264,-3268,-255,-564,-279,-434,1764,-742,2595,3862,-321,203,-419,704
-713,158,859,-166,-191,-6,228,-344,-356,41,972,247,298,861,-3231,-174,-591,-279,-254,1721,-649,2531,4023,125,141,-309,739
-667,154,879,-194,-259,29,220,-339,-360,-49,930,272,182,515,-3218,-124,-598,-276,-61,1648,-511,2646,3981,437,28,-205,773
-665,179,899,-191,-298,70,216,-339,-368,-125,795,330,11,129,-3127,-60,-602,-282,-16,1446,-490,2741,3764,1128,-50,-159,784
-646,162,911,-226,-261,185,205,-337,-371,-257,801,348,-59,-122,-3009,-15,-600,-279,37,1205,-484,2301,3878,1867,-135,-111,790
-617,159,890,-289,-253,248,199,-332,-377,-357,776,335,105,-395,-2986,19,-591,-280,188,1092,-369,1988,4076,2305,-223,-30,780
-662,129,891,-344,-204,317,192,-333,-382,-392,674,327,-5,-668,-2859,65,-573,-285,428,908,-347,2201,2984,2670,-263,24,767
-617,112,856,-386,-145,377,188,-326,-388,-467,627,445,-22,-840,-2734,91,-561,-286,418,802,-332,1767,2287,3094,-301,69,753
-632,134,877,-408,-40,355,186,-327,-388,-499,545,497,114,-972,-2688,115,-547,-294,398,656,-301,1110,2514,3619,-341,134,719
-657,126,875,-355,107,381,185,-326,-391,-550,616,520,72,-1125,-2612,136,-522,-305,330,455,-344,689,2426,3957,-348,182,703
-639,117,883,-302,168,416,186,-325,-388,-520,522,592,-27,-1353,-2415,142,-498,-319,291,346,-404,498,1893,4297,-341,231,689
-667,121,876,-285,191,375,187,-327,-391,-510,408,707,-369,-1518,-2154,146,-465,-346,221,229,-438,582,1376,4384,-328,278,672
-708,132,862,-277,273,370,188,-327,-391,-537,357,760,-588,-1569,-1981,141,-439,-364,209,177,-360,651,1360,4335,-302,333,648
-708,126,879,-229,271,355,189,-327,-390,-544,284,771,-680,-1637,-1888,133,-414,-385,190,172,-257,694,1352,4059,-277,365,632
-717,126,870,-208,218,287,187,-324,-388,-416,65,941,-820,-1643,-1776,120,-374,-404,-73,47,-237,607,1445,4040,-249,397,622
-703,104,836,-170,228,193,191,-325,-389,-438,-12,883,-940,-1455,-1646,113,-349,-424,-158,2,-179,402,1510,4351,-184,429,610
-702,111,801,-68,263,112,196,-330,-384,-383,-95,908,-859,-1374,-1565,104,-326,-435,-197,4,-356,359,775,4218,-143,432,612
-712,127,787,120,382,145,203,-340,-377,-314,-176,981,-635,-1293,-1465,89,-300,-446,-494,-42,-490,-139,673,3990,-97,425,614
-728,176,735,534,552,161,215,-365,-352,-362,-159,1012,-487,-965,-1319,81,-287,-452,-645,-16,-467,-335,594,4222,-26,406,620
-764,214,718,1078,788,287,224,-390,-325,-323,-79,985,-297,-803,-1216,67,-278,-459,-545,181,-483,-219,353,4081,9,386,630
-806,302,683,1610,1079,335,237,-420,-292,-275,-99,1063,-119,-791,-1009,63,-271,-462,-869,168,-701,-371,659,3665,34,353,643
-843,375,667,1936,1263,306,250,-460,-236,-278,-83,1095,-105,-442,-701,58,-267,-465,-1100,134,-786,-846,1024,3810,80,301,659
-865,405,628,2002,1293,280,254,-484,-204,-241,-79,1051,-87,-292,-391,57,-264,-466,-964,244,-798,-619,467,3658,100,272,667
-873,432,531,1732,1163,170,259,-493,-175,-221,-177,1085,-69,-122,-47,57,-263,-461,-1303,198,-968,-508,522,2969,108,233,681
-880,449,487,1378,872,100,264,-512,-145,-224,-203,1128,-45,120,291,60,-270,-462,-1627,61,-863,-568,968,2944,118,209,685
-844,426,467,1021,616,51,266,-513,-131,-240,-163,1074,65,405,591,69,-279,-458,-1614,61,-823,-113,145,2556,143,184,680
-856,451,435,724,417,-13,271,-515,-119,-273,-150,1055,143,577,857,78,-287,-453,-1764,15,-813,-65,-328,1703,155,173,680
-873,470,439,581,216,-68,273,-517,-106,-323,-107,982,189,779,1104,87,-298,-447,-1813,9,-847,-62,-397,1078,167,168,676
-851,438,459,499,72,-55,276,-518,-107,-372,-107,913,295,963,1273,105,-323,-431,-1619,79,-849,-84,-558,147,175,180,661
-841,453,449,385,-76,-116,272,-518,-104,-407,-29,833,469,1168,1394,116,-348,-423,-1418,174,-847,-21,-735,-955,168,200,660
-846,467,456,281,-146,-137,273,-517,-100,-454,56,778,745,1330,1485,134,-386,-396,-1398,121,-814,0,-319,-1775,162,226,653
-844,469,481,228,-135,-113,274,-520,-103,-486,156,740,974,1505,1545,143,-418,-375,-1323,111,-765,169,-340,-2089,150,273,633
-841,472,482,166,-139,-90,275,-518,-101,-522,278,717,1240,1698,1521,157,-450,-351,-1243,84,-814,337,-923,-2534,140,302,624
-832,461,485,97,-116,-68,275,-516,-102,-548,399,637,1460,1834,1502,169,-501,-309,-1104,83,-893,229,-1029,-2965,116,341,612
-833,428,495,46,-80,-47,276,-516,-104,-573,592,546,1507,1898,1559,172,-533,-272,-1064,25,-762,376,-864,-3453,61,403,591
-857,490,495,79,-136,-53,274,-518,-106,-545,620,404,1404,1905,1673,167,-561,-248,-856,98,-591,752,-586,-3953,10,442,578
-853,466,504,36,-217,-51,273,-514,-108,-526,569,165,964,1733,2037,131,-626,-179,-621,132,-522,879,-599,-4511,-53,471,562
-837,455,513,-120,-182,-33,275,-515,-116,-509,910,165,1194,1590,2195,93,-662,-138,-353,167,-368,748,-467,-4795,-114,489,552
-841,462,498,-182,-200,-55,274,-512,-119,-470,859,211,1271,1474,2239,59,-676,-125,-232,124,-179,864,-445,-4742,-208,493,530
-854,464,522,-196,-212,-41,270,-507,-130,-319,816,215,376,1242,2439,21,-684,-122,-167,152,-16,974,-601,-4457,-255,492,522
-837,436,544,-266,-219,-14,268,-503,-140,-169,893,144,88,996,2536,-44,-694,-119,-54,182,-14,912,-1237,-4253,-299,470,525
-833,429,552,-464,-267,-25,269,-501,-150,-168,1087,144,81,727,2610,-84,-698,-118,-40,257,-172,372,-1854,-4139,-350,420,548
-831,424,557,-610,-294,-25,265,-497,-169,-51,1060,69,-57,545,2717,-140,-690,-127,55,411,-188,-224,-1830,-4015,-382,382,567
-839,408,571,-718,-276,10,264,-487,-181,127,832,47,-285,282,2803,-214,-670,-136,683,767,-251,-230,-2026,-4300,-405,324,598
-822,381,580,-795,-290,37,262,-478,-198,109,1041,81,-342,35,2856,-268,-655,-130,1101,892,-645,-671,-2572,-5038,-411,214,656
-796,378,578,-784,-304,17,255,-472,-216,287,846,-111,40,-212,2954,-351,-616,-129,1174,810,-735,-1394,-2874,-4987,-396,152,689
-812,408,608,-753,-285,31,253,-469,-227,437,1130,-33,-87,-418,3069,-405,-589,-115,932,672,-488,-1170,-2507,-3834,-377,109,714
-806,401,664,-697,-277,105,250,-462,-240,460,1162,35,651,-562,3012,-456,-554,-97,582,613,-414,-813,-1917,-2714,-343,43,742
-774,310,671,-763,-343,83,241,-442,-264,590,1037,72,577,-768,3028,-520,-490,-77,437,762,-663,-1120,-1747,-2391,-289,6,771
-797,309,732,-981,-355,80,237,-436,-276,706,1167,170,154,-881,2905,-557,-446,-62,442,765,-574,-1305,-3065,-2020,-243,-29,786
-778,306,696,-961,-371,105,234,-426,-293,671,1028,131,49,-1088,2771,-590,-390,-46,80,827,-737,-1269,-2512,-1422,-218,-80,794
-795,310,737,-984,-358,54,227,-409,-309,737,910,80,-694,-1334,2756,-625,-322,-20,-94,928,-669,-1864,-1813,-1215,-157,-146,808
-768,266,751,-738,-268,58,220,-407,-317,919,902,38,-688,-1470,2354,-643,-280,4,-187,1130,-752,-1657,-2190,-1054,-127,-211,814
-755,275,759,-495,-173,68,220,-402,-319,945,1033,87,-537,-1574,1940,-656,-221,48,56,1439,-1177,-2323,-1798,-1669,-53,-303,806
-797,310,763,-295,-125,34,216,-399,-328,902,912,77,-1002,-1777,1829,-662,-179,77,24,1485,-1284,-2829,-3769,-2255,57,-491,750
-755,223,744,-322,-170,98,214,-392,-332,931,547,-52,-2044,-2000,1867,-667,-148,110,-144,1472,-1168,-2842,-3759,-1497,117,-608,631
-776,280,819,-204,-162,26,210,-389,-336,1028,677,0,-2647,-2158,1674,-658,-125,160,-317,1459,-1153,-2388,-3369,-942,170,-631,463
-707,155,752,-170,-194,-41,208,-387,-339,1073,583,-9,-2304,-2122,1145,-650,-118,198,-460,1517,-1146,-2405,-4051,-376,197,-535,293
-699,179,763,-213,-233,-66,205,-382,-343,1058,557,-20,-2380,-2124,770,-639,-125,230,-491,1386,-909,-2686,-3237,36,209,-481,254
-748,204,800,-89,-173,-175,207,-378,-345,985,501,-105,-2467,-2157,361,-620,-151,281,-505,1409,-611,-1782,-2796,436,207,-460,232
-735,179,806,-56,-208,-263,209,-373,-350,944,471,-194,-2429,-2184,6,-602,-178,310,-537,1506,-381,-388,-3726,1212,184,-466,189
-677,175,749,22,-177,-383,211,-367,-350,925,476,-243,-2232,-2062,-299,-582,-205,334,-653,1555,-302,149,-4496,2146,149,-488,154
-678,214,809,41,-137,-498,215,-368,-351,903,451,-269,-1989,-1827,-561,-557,-253,354,-712,1678,-285,-638,-3736,3009,111,-509,125
-722,238,859,203,-31,-515,219,-365,-347,911,473,-282,-1786,-1556,-694,-539,-280,367,-542,1684,-248,-1110,-2493,2981,71,-524,100
-759,200,794,231,46,-406,223,-360,-347,899,467,-268,-1498,-1283,-775,-520,-323,372,-381,1668,-126,-914,-2664,2640,-3,-542,73
-746,191,780,76,-47,-354,224,-358,-348,883,380,-281,-1345,-988,-718,-507,-340,372,-392,1613,-99,-584,-2672,2794,-52,-551,54
-733,182,809,33,-56,-375,229,-353,-348,868,356,-317,-1080,-716,-632,-498,-355,375,-404,1465,-183,-889,-1746,3332,-107,-549,33
-727,183,809,121,-7,-320,232,-352,-348,860,278,-356,-664,-464,-502,-491,-367,374,-463,1286,-100,-1384,-583,3478,-188,-540,0
-771,176,841,143,32,-227,230,-354,-345,866,259,-336,-311,-214,-257,-493,-367,375,-436,1137,29,-1364,70,3246,-230,-529,-23
-738,187,818,161,53,-133,233,-357,-342,895,329,-274,228,77,1,-496,-356,378,-416,974,85,-1274,-91,2732,-258,-516,-47
-731,178,829,139,5,-112,234,-358,-342,953,384,-262,789,416,229,-515,-327,376,-381,847,84,-1384,-182,2047,-295,-490,-79
-713,172,819,138,19,-82,236,-353,-340,1028,477,-262,1173,802,457,-529,-303,367,-262,746,24,-1364,-281,1351,-310,-475,-92
-712,170,818,123,21,-80,236,-360,-340,1130,627,-131,1506,1244,651,-560,-256,345,-240,701,10,-1062,-382,701,-313,-467,-103
-721,167,812,121,30,-64,236,-358,-337,1179,547,40,1452,1708,858,-584,-227,321,-335,671,-42,-670,-109,311,-308,-462,-112
-724,173,814,101,28,-59,236,-363,-337,1151,568,60,1243,2041,964,-608,-199,289,-436,715,-36,-320,396,118,-297,-463,-114
-722,174,810,94,45,-41,239,-361,-333,1138,605,148,1179,2233,906,-633,-171,236,-512,818,-90,12,876,-147,-276,-466,-117
-728,182,811,74,66,-25,238,-361,-334,1157,562,143,1045,2467,780,-648,-153,194,-576,1005,-193,332,1262,-609,-247,-476,-108
-738,193,811,57,60,-6,238,-364,-332,1191,525,154,861,2652,604,-660,-143,149,-595,1268,-241,1057,1057,-1183,-206,-508,-63
-734,194,811,47,61,19,242,-367,-335,1184,577,134,893,2805,316,-667,-143,69,-603,1649,-75,2041,906,-1631,-166,-531,-18
-737,188,805,12,55,13,240,-362,-332,1209,836,195,1119,2950,-63,-668,-154,13,-463,1869,-37,2786,1128,-2215,-117,-549,23
-749,181,797,-23,51,-2,239,-361,-334,1052,736,269,1223,3013,-419,-653,-180,-64,-419,1877,-234,2691,1003,-2827,-54,-550,70
-763,175,807,-41,61,-2,240,-361,-332,935,737,344,842,2912,-693,-636,-206,-113,-427,1958,-341,2067,1136,-2755,-11,-547,102
-754,175,821,-45,18,-37,242,-360,-336,860,644,349,561,2780,-1045,-612,-236,-159,-405,2012,-416,1868,1400,-2814,28,-542,131
-765,211,822,-56,-58,-127,242,-357,-336,784,728,385,443,2731,-1416,-564,-294,-219,-446,1995,-488,1986,1437,-2941,71,-530,181
-762,205,814,-93,-144,-131,239,-351,-342,700,781,417,546,2661,-1849,-521,-337,-253,-567,2000,-537,2290,1324,-2844,87,-540,224
-727,182,813,-145,-180,-64,233,-347,-347,600,802,415,461,2508,-2252,-473,-379,-279,-630,1989,-569,3002,779,-2767,103,-560,284
-707,167,812,-191,-194,-34,230,-345,-350,477,822,394,416,2310,-2571,-392,-445,-307,-339,1863,-746,3683,-733,-3047,204,-587,400
-699,156,835,-209,-212,-33,229,-340,-355,342,848,436,600,2075,-2919,-333,-489,-309,-261,1680,-1102,2958,-1789,-3283,291,-526,487
-710,155,838,-204,-206,-16,222,-336,-357,222,911,423,647,1754,-3218,-242,-537,-315,-403,1543,-1150,1328,1248,-2874,314,-420,557
-713,171,927,-203,-223,20,220,-336,-364,124,915,415,565,1383,-3330,-187,-557,-309,-562,1428,-969,1126,3718,-1957,291,-322,611
-691,185,926,-162,-299,84,203,-333,-375,-74,850,389,406,1005,-3259,-131,-568,-311,-507,1376,-824,1951,3714,-1029,234,-210,671
-694,151,911,-207,-516,188,196,-333,-386,-205,821,409,235,606,-3093,-64,-577,-307,-379,1351,-869,2624,3101,-511,190,-151,704
-605,93,864,-335,-593,232,183,-326,-391,-263,736,396,204,288,-2984,-19,-574,-305,-147,1301,-880,2562,3010,-93,132,-103,733
-572,86,873,-421,-506,179,177,-318,-402,-344,631,404,160,43,-2955,20,-569,-302,-13,1225,-830,2555,3246,298,40,-26,768
-566,89,874,-372,-336,251,171,-318,-405,-418,538,491,121,-165,-2907,71,-555,-302,19,1103,-741,2742,3483,1110,-30,24,777
-577,87,912,-326,-179,335,165,-314,-405,-492,486,497,116,-341,-2815,103,-541,-305,117,898,-604,2877,3789,2017,-91,84,776
-558,96,908,-313,-64,345,164,-311,-409,-535,501,477,128,-523,-2720,126,-525,-305,159,725,-518,2867,3796,2537,-167,170,757
-600,83,905,-346,84,333,164,-309,-409,-466,108,941,-803,-1460,-1312,135,-345,-415,223,617,-473,2695,3408,2953,-193,221,736
-637,72,935,-271,244,394,166,-313,-411,-413,-83,990,-1093,-1421,-1080,121,-316,-430,98,410,-521,2321,2873,3475,-205,272,711
-692,96,974,-194,304,399,170,-318,-406,-404,-206,964,-1133,-1259,-964,100,-285,-447,59,307,-422,1988,2453,3984,-209,339,672
-742,157,897,-117,307,351,168,-318,-403,-376,-198,906,-850,-1139,-964,85,-271,-457,15,224,-315,1943,2639,3909,-206,377,645
-686,142,894,-239,232,306,166,-311,-410,-344,-277,955,-656,-1041,-881,73,-249,-467,-81,143,-243,1718,2728,3826,-192,412,619
-651,108,854,-379,69,265,165,-308,-412,-369,-215,963,-463,-706,-747,66,-244,-464,-281,-20,-141,1466,2500,4038,-168,440,599
-622,107,832,-252,79,173,167,-306,-413,-383,-97,998,-124,-528,-692,63,-243,-468,-428,-163,-58,1217,2169,4106,-120,468,575
-649,101,846,-158,183,169,171,-308,-406,-321,-123,1091,17,-427,-513,55,-239,-472,-493,-258,24,967,1750,3934,-88,469,567
-645,99,802,4,410,299,181,-321,-395,-293,-128,1109,-45,-190,-226,56,-237,-471,-459,-238,32,637,1522,3562,-56,467,567
-676,128,797,343,636,306,192,-338,-383,-285,-148,1087,8,10,-2,64,-242,-470,-761,-184,-232,-518,1174,2922,10,420,597
-702,164,723,705,837,335,200,-361,-360,-288,-157,1114,94,250,214,68,-249,-465,-734,109,-698,-995,4,2643,113,307,638
-751,284,752,1284,1097,391,219,-410,-314,-312,-144,1075,178,504,460,80,-255,-461,-1010,80,-871,-1107,14,2642,134,260,651
-822,342,716,1914,1342,377,228,-439,-284,-367,-139,1039,196,691,682,93,-269,-455,-1269,9,-897,-976,244,2970,163,204,657
-861,403,661,1988,1237,275,237,-461,-249,-407,-96,953,214,848,852,108,-278,-447,-1312,19,-859,-481,102,2969,174,181,660
-844,397,619,1894,1095,140,252,-489,-202,-449,-84,903,250,979,1017,118,-291,-437,-1578,-45,-897,-91,151,2327,179,160,663
-876,421,587,1695,951,35,256,-502,-172,-511,-20,889,352,1147,1147,140,-318,-421,-1733,-93,-713,153,523,1856,178,156,666
-887,485,510,1486,867,29,263,-510,-149,-541,43,803,497,1266,1227,151,-339,-411,-1636,-39,-734,470,351,1128,181,157,664
-886,476,459,1110,789,72,263,-520,-122,-596,142,775,636,1328,1279,166,-363,-394,-1560,-28,-810,298,-63,154,188,167,656
-873,494,421,818,660,61,265,-521,-110,-615,181,711,751,1411,1320,182,-397,-370,-1487,2,-845,182,-498,-414,189,180,646
-844,479,433,521,372,-22,267,-524,-104,-611,254,699,811,1448,1377,188,-427,-348,-1398,2,-798,245,-680,-980,187,221,636
-848,456,423,346,101,-109,271,-521,-102,-631,346,653,922,1494,1436,194,-450,-328,-1250,16,-684,395,-512,-1705,179,255,623
-862,443,432,284,30,-115,273,-524,-96,-619,441,589,926,1497,1525,196,-492,-295,-1194,-14,-661,559,-543,-2271,165,290,613
-860,450,435,193,-40,-82,270,-524,-95,-588,470,550,814,1442,1659,189,-516,-280,-1161,-86,-627,495,-581,-2532,144,341,593
-857,458,444,127,-61,-57,273,-524,-98,-451,499,421,546,1374,1878,172,-546,-259,-1018,-104,-575,523,-941,-2746,122,382,574
-862,493,452,127,-56,-29,270,-525,-97,-490,507,434,249,1255,2185,144,-564,-256,-873,-128,-548,555,-1103,-3185,92,420,559
-872,483,456,102,-58,0,271,-528,-94,-514,510,297,-95,1008,2523,117,-585,-256,-672,-165,-465,504,-931,-3542,32,464,539
-852,467,443,53,-33,-6,269,-523,-98,-315,742,219,-224,697,2819,59,-609,-247,-589,-199,-343,570,-878,-3693,-15,490,524
-854,474,450,2,-16,1,270,-523,-98,-247,715,253,148,493,2931,15,-617,-251,-499,-183,-206,663,-925,-3743,-62,506,514
-860,471,447,-34,-71,12,267,-523,-102,-229,791,291,37,257,3102,-38,-624,-246,-315,-150,-124,625,-1094,-3897,-113,521,504
-862,483,462,-55,-137,3,267,-524,-105,-55,915,290,92,39,3144,-112,-630,-240,-138,-105,-23,456,-1216,-4143,-196,517,499
-847,488,455,-91,-169,2,266,-521,-111,130,997,514,320,-133,3024,-164,-622,-241,-68,-20,26,289,-1222,-4100,-238,503,502
-861,489,473,-171,-162,16,267,-520,-116,109,985,249,109,-307,3072,-251,-601,-235,-54,152,66,66,-1474,-3822,-276,485,514
-843,479,471,-233,-149,18,265,-519,-122,143,1356,100,41,-558,3166,-306,-585,-228,79,195,142,-137,-2093,-3676,-319,444,545
-844,472,498,-302,-185,-3,261,-518,-133,268,1180,126,339,-796,3028,-361,-555,-220,297,224,-7,-501,-2284,-3736,-339,401,580
-832,474,499,-385,-217,3,260,-511,-145,367,997,169,16,-884,2993,-430,-512,-201,247,370,-287,-1159,-2225,-3412,-342,363,614
-833,459,511,-486,-251,2,261,-509,-159,434,1158,231,261,-953,2811,-472,-489,-184,565,462,-561,-1394,-2327,-2652,-332,301,663
-847,450,517,-507,-263,-1,256,-503,-170,670,1123,290,759,-957,2448,-508,-462,-161,720,479,-708,-1270,-2472,-2647,-326,256,691
-832,448,525,-547,-303,24,251,-501,-180,768,1133,377,792,-1009,2167,-550,-413,-131,623,619,-686,-1483,-2044,-2511,-319,214,713
-848,441,524,-596,-355,6,246,-492,-199,743,900,230,381,-1120,2007,-576,-376,-112,699,739,-598,-1452,-1587,-2225,-295,148,748
-812,400,549,-570,-380,12,244,-489,-212,819,977,328,-153,-1326,1988,-613,-325,-78,512,644,-739,-1417,-1861,-2294,-263,103,769
-757,387,581,-490,-451,-20,240,-482,-223,828,935,311,-345,-1514,1818,-634,-281,-56,165,357,-1138,-1824,-2168,-1581,-216,61,790
-831,417,649,-590,-512,-47,235,-468,-247,806,772,193,-1188,-1716,1798,-647,-241,-32,10,447,-1348,-1966,-2908,-394,-149,28,809
-796,378,684,-790,-480,-16,230,-455,-263,827,752,177,-1867,-1882,1720,-664,-187,12,90,495,-1399,-1282,-3768,-505,-56,-32,826
-706,330,662,-906,-525,-148,231,-440,-279,876,652,93,-1964,-1969,1479,-668,-161,47,89,596,-1605,-1730,-3387,-1205,-17,-97,837
-800,302,755,-1112,-377,-125,227,-426,-299,926,548,27,-2073,-2038,1206,-669,-142,77,94,874,-1565,-2563,-2178,-1709,24,-164,847
-749,260,711,-903,-187,79,219,-413,-310,993,563,85,-2017,-2080,876,-661,-127,130,84,1014,-1346,-2161,-2419,-1722,105,-292,847
-781,262,729,-828,-329,-60,217,-405,-321,1041,493,40,-1859,-2041,554,-663,-130,164,-95,1012,-1406,-1908,-2733,-1367,162,-414,794
-820,220,779,-572,-220,-39,213,-397,-327,1066,551,20,-1871,-1975,296,-650,-135,197,-236,993,-1445,-2028,-3161,-493,200,-507,688
-657,220,768,-305,-322,-94,211,-397,-331,1071,479,-12,-1855,-1917,41,-638,-155,238,-356,1009,-1230,-1612,-3109,155,227,-493,521
-708,268,853,-193,-273,-258,214,-391,-334,1000,426,-139,-2011,-1810,-279,-601,-210,295,-597,876,-973,-600,-3045,629,232,-450,448
-761,259,808,-29,-73,-173,215,-388,-338,955,404,-173,-1838,-1648,-465,-589,-235,314,-796,767,-837,-192,-3332,1392,237,-422,393
-694,232,780,-87,-129,-148,211,-381,-341,948,385,-212,-1669,-1415,-574,-575,-261,323,-874,773,-769,-582,-2969,1948,238,-410,325
-693,250,784,-55,-142,-290,218,-380,-342,914,252,-223,-1182,-1046,-476,-547,-303,338,-881,905,-708,-588,-2917,2048,237,-413,293
-772,221,826,23,-7,-310,218,-376,-338,945,269,-175,-872,-810,-295,-540,-313,346,-856,1122,-611,-527,-2655,2075,229,-430,260
-767,211,756,81,67,-223,221,-372,-341,977,265,-152,-568,-595,-158,-535,-317,349,-832,1219,-600,-736,-2409,2220,202,-449,226
-719,263,774,-36,-71,-275,224,-371,-343,1045,354,-291,626,205,243,-546,-281,349,-829,1244,-523,-718,-2302,2663,154,-494,191
