type,ID,seq,packetLoss,nodeTimestamp,bsTimestamp,syncTimestamp,systemTime,accelX,accelY,accelZ,cannula,voltage
1,5,5,0,15759926,206112590,866891199888163848,1361360878.036411,16640,-2592,1776,nan,0.000000
1,5,5,0,15759926,206112590,866891199888166469,1361360878.036411,15308,-3440,1324,nan,0.000000
2,5,6,0,15759926,206112622,866891199888169090,1361360878.036661,15708,-2308,2388,nan,0.000000
2,5,6,0,15759926,206112622,866891199888171711,1361360878.036661,16336,-316,1764,nan,0.000000
2,5,6,0,15759926,206112622,866891199888174332,1361360878.036661,13184,876,5420,nan,0.000000
2,5,6,0,15759926,206112622,866891199888176953,1361360878.036661,18980,-3656,-576,nan,0.000000
2,5,6,0,15759926,206112622,866891199888179574,1361360878.036661,14088,328,5360,nan,0.000000
2,5,7,0,15759926,206112654,866891199888182195,1361360878.037069,15168,1548,6472,nan,0.000000
2,5,7,0,15759926,206112654,866891199888184816,1361360878.037069,16220,-32,4228,nan,0.000000
2,5,7,0,15759926,206112654,866891199888187437,1361360878.037069,14540,1752,4464,nan,0.000000
2,5,7,0,15759926,206112654,866891199888190058,1361360878.037069,16324,-1320,4300,nan,0.000000
2,5,7,0,15759926,206112654,866891199888192679,1361360878.037069,15004,456,5792,nan,0.000000
2,5,8,0,15759926,206112686,866891199888195300,1361360878.037317,14852,536,5652,nan,0.000000
2,5,8,0,15759926,206112686,866891199888197921,1361360878.037317,16132,608,2876,nan,0.000000
2,5,8,0,15759926,206112686,866891199888200542,1361360878.037317,17808,-1116,2836,nan,0.000000
2,5,8,0,15759926,206112686,866891199888203163,1361360878.037317,14536,1028,3412,nan,0.000000
2,5,8,0,15759926,206112686,866891199888205784,1361360878.037317,15804,-1144,3164,nan,0.000000
2,5,9,0,15759926,206112717,866891199888208405,1361360878.037573,14580,-5736,-780,nan,0.000000
2,5,9,0,15759926,206112717,866891199888211026,1361360878.037573,16244,-1196,1524,nan,0.000000
2,5,9,0,15759926,206112717,866891199888213647,1361360878.037573,18116,-476,1920,nan,0.000000
2,5,9,0,15759926,206112717,866891199888216268,1361360878.037573,14776,-972,2972,nan,0.000000
2,5,9,0,15759926,206112717,866891199888218889,1361360878.037573,14128,2448,2756,nan,0.000000
2,5,10,0,15759926,206112749,866891199888221510,1361360878.037841,15528,168,1904,nan,0.000000
2,5,10,0,15759926,206112749,866891199888224131,1361360878.037841,18384,-2008,1376,nan,0.000000
2,5,10,0,15759926,206112749,866891199888226752,1361360878.037841,13120,-168,2904,nan,0.000000
2,5,10,0,15759926,206112749,866891199888229373,1361360878.037841,16336,352,3596,nan,0.000000
2,5,10,0,15759926,206112749,866891199888231994,1361360878.037841,16996,-264,3196,nan,0.000000
2,5,11,0,15759926,206112781,866891199888234615,1361360878.038099,15356,-116,3512,nan,0.000000
2,5,11,0,15759926,206112781,866891199888237236,1361360878.038099,15052,-56,3656,nan,0.000000
2,5,11,0,15759926,206112781,866891199888239857,1361360878.038099,16040,-448,2808,nan,0.000000
2,5,11,0,15759926,206112781,866891199888242478,1361360878.038099,16600,748,1704,nan,0.000000
2,5,11,0,15759926,206112781,866891199888245099,1361360878.038099,15620,-60,736,nan,0.000000
1,5,12,0,15841251,206193918,5192308421373376525,1361360878.038336,16764,-728,-512,nan,0.000000
1,5,12,0,15841251,206193918,5192308421373379146,1361360878.038336,16304,684,332,nan,0.000000
2,5,13,0,15841251,206193950,5192308421373381767,1361360878.038449,16468,-360,1180,nan,0.000000
2,5,13,0,15841251,206193950,5192308421373384388,1361360878.038449,16836,296,-68,nan,0.000000
2,5,13,0,15841251,206193950,5192308421373387009,1361360878.038449,15320,-1332,0,nan,0.000000
2,5,13,0,15841251,206193950,5192308421373389630,1361360878.038449,15508,-1324,-1028,nan,0.000000
2,5,13,0,15841251,206193950,5192308421373392251,1361360878.038449,17008,-1060,-60,nan,0.000000
2,5,14,0,15841251,206193982,5192308421373394872,1361360878.038684,15264,700,72,nan,0.000000
2,5,14,0,15841251,206193982,5192308421373397493,1361360878.038684,16000,-2268,1144,nan,0.000000
2,5,14,0,15841251,206193982,5192308421373400114,1361360878.038684,16364,-1052,1408,nan,0.000000
2,5,14,0,15841251,206193982,5192308421373402735,1361360878.038684,16064,-1236,660,nan,0.000000
2,5,14,0,15841251,206193982,5192308421373405356,1361360878.038684,15460,-1900,456,nan,0.000000
2,5,15,0,15841251,206194014,5192308421373407977,1361360878.038965,16528,-904,1252,nan,0.000000
2,5,15,0,15841251,206194014,5192308421373410598,1361360878.038965,15488,476,328,nan,0.000000
2,5,15,0,15841251,206194014,5192308421373413219,1361360878.038965,15740,-1744,440,nan,0.000000
2,5,15,0,15841251,206194014,5192308421373415840,1361360878.038965,16680,-112,2112,nan,0.000000
2,5,15,0,15841251,206194014,5192308421373418461,1361360878.038965,17604,-3304,1160,nan,0.000000
2,5,0,0,15841251,206194045,5192308421373421082,1361360878.039199,14092,1104,1732,nan,0.000000
2,5,0,0,15841251,206194045,5192308421373423703,1361360878.039199,16888,-1244,1292,nan,0.000000
2,5,0,0,15841251,206194045,5192308421373426324,1361360878.039199,17540,-1480,1460,nan,0.000000
2,5,0,0,15841251,206194045,5192308421373428945,1361360878.039199,14096,-1668,1752,nan,0.000000
2,5,0,0,15841251,206194045,5192308421373431566,1361360878.039199,16632,-1000,1752,nan,0.000000
2,5,1,0,15841251,206194077,5192308421373434187,1361360878.039432,15268,-1000,2372,nan,0.000000
2,5,1,0,15841251,206194077,5192308421373436808,1361360878.039432,16252,-1772,2544,nan,0.000000
2,5,1,0,15841251,206194077,5192308421373439429,1361360878.039432,16248,-600,2364,nan,0.000000
2,5,1,0,15841251,206194077,5192308421373442050,1361360878.039432,15300,-1980,1984,nan,0.000000
2,5,1,0,15841251,206194077,5192308421373444671,1361360878.039432,16188,-456,2668,nan,0.000000
2,5,2,0,15841251,206194109,5192308421373447292,1361360878.039663,15716,-660,3232,nan,0.000000
2,5,2,0,15841251,206194109,5192308421373449913,1361360878.039663,15868,-548,2164,nan,0.000000
2,5,2,0,15841251,206194109,5192308421373452534,1361360878.039663,16212,-1704,1944,nan,0.000000
2,5,2,0,15841251,206194109,5192308421373455155,1361360878.039663,15912,-172,1444,nan,0.000000
2,5,2,0,15841251,206194109,5192308421373457776,1361360878.039663,16096,-856,1008,nan,0.000000
1,5,3,0,15922576,206275248,8361175691630059532,1361360878.039906,15504,228,1184,nan,0.000000
1,5,3,0,15922576,206275248,8361175691630062153,1361360878.039906,15636,1148,268,nan,0.000000
2,5,4,0,15922576,206275279,8361175691630064774,1361360878.040061,17112,124,-840,nan,0.000000
2,5,4,0,15922576,206275279,8361175691630067395,1361360878.040061,16372,436,696,nan,0.000000
2,5,4,0,15922576,206275279,8361175691630070016,1361360878.040061,16196,1172,-144,nan,0.000000
2,5,4,0,15922576,206275279,8361175691630072637,1361360878.040061,16056,1996,-720,nan,0.000000
2,5,4,0,15922576,206275279,8361175691630075258,1361360878.040061,15868,2648,-516,nan,0.000000
2,5,5,0,15922576,206275311,8361175691630077879,1361360878.040323,15844,1628,-924,nan,0.000000
2,5,5,0,15922576,206275311,8361175691630080500,1361360878.040323,16244,744,-2408,nan,0.000000
2,5,5,0,15922576,206275311,8361175691630083121,1361360878.040323,16664,-3220,-200,nan,0.000000
2,5,5,0,15922576,206275311,8361175691630085742,1361360878.040323,17300,-704,964,nan,0.000000
2,5,5,0,15922576,206275311,8361175691630088363,1361360878.040323,17436,-728,1360,nan,0.000000
2,5,6,0,15922576,206275343,8361175691630090984,1361360878.040557,13836,-2652,2148,nan,0.000000
2,5,6,0,15922576,206275343,8361175691630093605,1361360878.040557,14792,-2396,260,nan,0.000000
2,5,6,0,15922576,206275343,8361175691630096226,1361360878.040557,16904,-548,292,nan,0.000000
2,5,6,0,15922576,206275343,8361175691630098847,1361360878.040557,16624,-104,924,nan,0.000000
2,5,6,0,15922576,206275343,8361175691630101468,1361360878.040557,15228,-2824,488,nan,0.000000
2,5,7,0,15922576,206275374,8361175691630104089,1361360878.040789,14728,-3308,932,nan,0.000000
2,5,7,0,15922576,206275374,8361175691630106710,1361360878.040789,15500,-1788,1844,nan,0.000000
2,5,7,0,15922576,206275374,8361175691630109331,1361360878.040789,15564,-2428,2228,nan,0.000000
2,5,7,0,15922576,206275374,8361175691630111952,1361360878.040789,17600,-452,3668,nan,0.000000
2,5,7,0,15922576,206275374,8361175691630114573,1361360878.040789,21044,-2980,-628,nan,0.000000
2,5,8,0,15922576,206275406,8361175691630117194,1361360878.041022,14988,-2012,-1364,nan,0.000000
2,5,8,0,15922576,206275406,8361175691630119815,1361360878.041022,12044,-4352,-3448,nan,0.000000
2,5,8,0,15922576,206275406,8361175691630122436,1361360878.041022,18544,-196,-1780,nan,0.000000
2,5,8,0,15922576,206275406,8361175691630125057,1361360878.041022,15268,-1564,-676,nan,0.000000
2,5,8,0,15922576,206275406,8361175691630127678,1361360878.041022,15240,312,-776,nan,0.000000
2,5,9,0,15922576,206275438,8361175691630130299,1361360878.041285,15804,1284,20,nan,0.000000
2,5,9,0,15922576,206275438,8361175691630132920,1361360878.041285,16288,856,816,nan,0.000000
2,5,9,0,15922576,206275438,8361175691630135541,1361360878.041285,16072,1248,1080,nan,0.000000
2,5,9,0,15922576,206275438,8361175691630138162,1361360878.041285,15528,1280,800,nan,0.000000
2,5,9,0,15922576,206275438,8361175691630140783,1361360878.041285,15772,1076,1792,nan,0.000000
1,5,10,0,16003902,206356579,3459705711347307520,1361360878.041517,15100,3688,2908,nan,0.000000
1,5,10,0,16003902,206356579,3459705711347310141,1361360878.041517,20072,-1516,2156,nan,0.000000
2,5,11,0,16003902,206356611,3459705711347312762,1361360878.041628,17156,-4820,-3148,nan,0.000000
2,5,11,0,16003902,206356611,3459705711347315383,1361360878.041628,15944,-2280,792,nan,0.000000
2,5,11,0,16003902,206356611,3459705711347318004,1361360878.041628,14956,-2020,460,nan,0.000000
2,5,11,0,16003902,206356611,3459705711347320625,1361360878.041628,16212,-700,896,nan,0.000000
2,5,11,0,16003902,206356611,3459705711347323246,1361360878.041628,16624,-1124,440,nan,0.000000
2,5,12,0,16003902,206356642,3459705711347325867,1361360878.041861,15276,-944,1536,nan,0.000000
2,5,12,0,16003902,206356642,3459705711347328488,1361360878.041861,13916,-1144,2704,nan,0.000000
2,5,12,0,16003902,206356642,3459705711347331109,1361360878.041861,14548,-464,2444,nan,0.000000
2,5,12,0,16003902,206356642,3459705711347333730,1361360878.041861,17020,-1648,1760,nan,0.000000
2,5,12,0,16003902,206356642,3459705711347336351,1361360878.041861,17776,736,4900,nan,0.000000
2,5,13,0,16003902,206356674,3459705711347338972,1361360878.042095,20908,-4488,360,nan,0.000000
2,5,13,0,16003902,206356674,3459705711347341593,1361360878.042095,13628,-2224,-1452,nan,0.000000
2,5,13,0,16003902,206356674,3459705711347344214,1361360878.042095,12916,-3608,-2412,nan,0.000000
2,5,13,0,16003902,206356674,3459705711347346835,1361360878.042095,18804,-1248,-952,nan,0.000000
2,5,13,0,16003902,206356674,3459705711347349456,1361360878.042095,14044,-1992,8,nan,0.000000
2,5,14,0,16003902,206356706,3459705711347352077,1361360878.042326,15812,1852,548,nan,0.000000
2,5,14,0,16003902,206356706,3459705711347354698,1361360878.042326,15756,1804,1496,nan,0.000000
2,5,14,0,16003902,206356706,3459705711347357319,1361360878.042326,15268,1836,2048,nan,0.000000
2,5,14,0,16003902,206356706,3459705711347359940,1361360878.042326,15664,140,612,nan,0.000000
2,5,14,0,16003902,206356706,3459705711347362561,1361360878.042326,16348,-1292,2276,nan,0.000000
2,5,15,0,16003902,206356737,3459705711347365182,1361360878.042557,17588,1168,2624,nan,0.000000
2,5,15,0,16003902,206356737,3459705711347367803,1361360878.042557,21160,1340,-748,nan,0.000000
2,5,15,0,16003902,206356737,3459705711347370424,1361360878.042557,11652,-3140,-2556,nan,0.000000
2,5,15,0,16003902,206356737,3459705711347373045,1361360878.042557,15828,1588,1632,nan,0.000000
2,5,15,0,16003902,206356737,3459705711347375666,1361360878.042557,18404,1864,392,nan,0.000000
2,5,0,0,16003902,206356769,3459705711347378287,1361360880.272809,15520,-88,1572,nan,0.000000
2,5,0,0,16003902,206356769,3459705711347380908,1361360880.272809,13844,-1556,2408,nan,0.000000
2,5,0,0,16003902,206356769,3459705711347383529,1361360880.272809,14596,-548,2756,nan,0.000000
2,5,0,0,16003902,206356769,3459705711347386150,1361360880.272809,15232,48,2708,nan,0.000000
2,5,0,0,16003902,206356769,3459705711347388771,1361360880.272809,16068,-576,2456,nan,0.000000
1,5,1,0,16085225,206437905,7496783609265005574,1361360880.274731,19996,-772,2372,nan,0.000000
1,5,1,0,16085225,206437905,7496783609265008195,1361360880.274731,15080,-3464,-1640,nan,0.000000
2,5,2,0,16085225,206437937,7496783609265010816,1361360880.276562,12952,-3508,-1860,nan,0.000000
2,5,2,0,16085225,206437937,7496783609265013437,1361360880.276562,18244,-752,-84,nan,0.000000
2,5,2,0,16085225,206437937,7496783609265016058,1361360880.276562,15396,-1808,0,nan,0.000000
2,5,2,0,16085225,206437937,7496783609265018679,1361360880.276562,14556,1320,1408,nan,0.000000
2,5,2,0,16085225,206437937,7496783609265021300,1361360880.276562,15364,3096,1736,nan,0.000000
2,5,3,0,16085225,206437969,7496783609265023921,1361360880.277912,15664,572,1868,nan,0.000000
2,5,3,0,16085225,206437969,7496783609265026542,1361360880.277912,16016,1128,1300,nan,0.000000
2,5,3,0,16085225,206437969,7496783609265029163,1361360880.277912,16300,332,2472,nan,0.000000
2,5,3,0,16085225,206437969,7496783609265031784,1361360880.277912,17728,2180,4032,nan,0.000000
2,5,3,0,16085225,206437969,7496783609265034405,1361360880.277912,20244,-480,-1420,nan,0.000000
2,5,4,0,16085225,206438001,7496783609265037026,1361360880.279187,12364,-3480,-2804,nan,0.000000
2,5,4,0,16085225,206438001,7496783609265039647,1361360880.279187,18040,1508,-728,nan,0.000000
2,5,4,0,16085225,206438001,7496783609265042268,1361360880.279187,15976,-308,-484,nan,0.000000
2,5,4,0,16085225,206438001,7496783609265044889,1361360880.279187,15032,-1112,816,nan,0.000000
2,5,4,0,16085225,206438001,7496783609265047510,1361360880.279187,15092,72,1408,nan,0.000000
2,5,5,0,16085225,206438032,7496783609265050131,1361360880.279996,14640,-568,1684,nan,0.000000
2,5,5,0,16085225,206438032,7496783609265052752,1361360880.279996,15564,-1200,2144,nan,0.000000
2,5,5,0,16085225,206438032,7496783609265055373,1361360880.279996,16504,-24,776,nan,0.000000
2,5,5,0,16085225,206438032,7496783609265057994,1361360880.279996,18384,2912,3224,nan,0.000000
2,5,5,0,16085225,206438032,7496783609265060615,1361360880.279996,19476,-1156,-1452,nan,0.000000
2,5,6,0,16085225,206438064,7496783609265063236,1361360880.280683,13816,-3036,-2768,nan,0.000000
2,5,6,0,16085225,206438064,7496783609265065857,1361360880.280683,16032,-3052,-2328,nan,0.000000
2,5,6,0,16085225,206438064,7496783609265068478,1361360880.280683,16324,-220,-232,nan,0.000000
2,5,6,0,16085225,206438064,7496783609265071099,1361360880.280683,14884,-268,-704,nan,0.000000
2,5,6,0,16085225,206438064,7496783609265073720,1361360880.280683,14996,944,260,nan,0.000000
2,5,7,0,16085225,206438097,7496783609265076341,1361360882.754726,15228,580,204,nan,0.000000
2,5,7,0,16085225,206438097,7496783609265078962,1361360882.754726,15760,452,324,nan,0.000000
2,5,7,0,16085225,206438097,7496783609265081583,1361360882.754726,16524,1496,472,nan,0.000000
2,5,7,0,16085225,206438097,7496783609265084204,1361360882.754726,17608,344,1284,nan,0.000000
2,5,7,0,16085225,206438097,7496783609265086825,1361360882.754726,20100,428,-1236,nan,0.000000
1,5,8,0,16166549,206519233,4900413380549790720,1361360882.756401,17920,3844,424,nan,0.000000
1,5,8,0,16166549,206519233,4900413380549793341,1361360882.756401,15900,-116,-52,nan,0.000000
2,5,9,0,16166549,206519271,4900413380549795962,1361360882.756976,14720,-1176,256,nan,0.000000
2,5,9,0,16166549,206519271,4900413380549798583,1361360882.756976,14868,-1360,600,nan,0.000000
2,5,9,0,16166549,206519271,4900413380549801204,1361360882.756976,15300,72,904,nan,0.000000
2,5,9,0,16166549,206519271,4900413380549803825,1361360882.756976,16148,-920,136,nan,0.000000
2,5,9,0,16166549,206519271,4900413380549806446,1361360882.756976,15920,-1240,-768,nan,0.000000
2,5,10,0,16166549,206519303,4900413380549809067,1361360882.758471,17516,2732,2448,nan,0.000000
2,5,10,0,16166549,206519303,4900413380549811688,1361360882.758471,17184,-712,-136,nan,0.000000
2,5,10,0,16166549,206519303,4900413380549814309,1361360882.758471,18960,-2188,-3180,nan,0.000000
2,5,10,0,16166549,206519303,4900413380549816930,1361360882.758471,10896,-1564,-1920,nan,0.000000
2,5,10,0,16166549,206519303,4900413380549819551,1361360882.758471,19228,-3552,-2336,nan,0.000000
2,5,11,0,16166549,206519335,4900413380549822172,1361360882.759155,14836,-616,-1140,nan,0.000000
2,5,11,0,16166549,206519335,4900413380549824793,1361360882.759155,15124,984,-476,nan,0.000000
2,5,11,0,16166549,206519335,4900413380549827414,1361360882.759155,15456,576,-84,nan,0.000000
2,5,11,0,16166549,206519335,4900413380549830035,1361360882.759155,15996,236,412,nan,0.000000
2,5,11,0,16166549,206519335,4900413380549832656,1361360882.759155,15828,440,284,nan,0.000000
2,5,12,0,16166549,206519367,4900413380549835277,1361360882.760335,16048,-1124,132,nan,0.000000
2,5,12,0,16166549,206519367,4900413380549837898,1361360882.760335,18752,436,1292,nan,0.000000
2,5,12,0,16166549,206519367,4900413380549840519,1361360882.760335,19012,1520,-3004,nan,0.000000
2,5,12,0,16166549,206519367,4900413380549843140,1361360882.760335,11636,-700,-284,nan,0.000000
2,5,12,0,16166549,206519367,4900413380549845761,1361360882.760335,19844,864,-1724,nan,0.000000
2,5,13,0,16166549,206519399,4900413380549848382,1361360882.761365,14740,-336,-356,nan,0.000000
2,5,13,0,16166549,206519399,4900413380549851003,1361360882.761365,14736,172,-524,nan,0.000000
2,5,13,0,16166549,206519399,4900413380549853624,1361360882.761365,15952,-1608,-704,nan,0.000000
2,5,13,0,16166549,206519399,4900413380549856245,1361360882.761365,15376,-2016,-644,nan,0.000000
2,5,13,0,16166549,206519399,4900413380549858866,1361360882.761365,15488,-2476,424,nan,0.000000
2,5,14,0,16166549,206519431,4900413380549861487,1361360885.236640,16072,-1716,464,nan,0.000000
2,5,14,0,16166549,206519431,4900413380549864108,1361360885.236640,16436,576,1456,nan,0.000000
2,5,14,0,16166549,206519431,4900413380549866729,1361360885.236640,16152,488,2692,nan,0.000000
2,5,14,0,16166549,206519431,4900413380549869350,1361360885.236640,22648,-4220,-4996,nan,0.000000
2,5,14,0,16166549,206519431,4900413380549871971,1361360885.236640,11672,924,-36,nan,0.000000
1,5,15,0,16247873,206600560,-5763129769939906559,1361360885.238269,17544,1212,-720,nan,0.000000
1,5,15,0,16247873,206600560,-5763129769939903938,1361360885.238269,14076,-180,308,nan,0.000000
2,5,0,0,16247873,206600592,-5763129769939901317,1361360885.238783,16176,44,-340,nan,0.000000
2,5,0,0,16247873,206600592,-5763129769939898696,1361360885.238783,15916,1048,764,nan,0.000000
2,5,0,0,16247873,206600592,-5763129769939896075,1361360885.238783,14696,1992,260,nan,0.000000
2,5,0,0,16247873,206600592,-5763129769939893454,1361360885.238783,16160,-224,832,nan,0.000000
2,5,0,0,16247873,206600592,-5763129769939890833,1361360885.238783,17664,1532,3072,nan,0.000000
2,5,1,0,16247873,206600623,-5763129769939888212,1361360885.240484,18936,3648,1944,nan,0.000000
2,5,1,0,16247873,206600623,-5763129769939885591,1361360885.240484,17380,-1508,-3764,nan,0.000000
2,5,1,0,16247873,206600623,-5763129769939882970,1361360885.240484,12264,-1076,-580,nan,0.000000
2,5,1,0,16247873,206600623,-5763129769939880349,1361360885.240484,19948,1904,1116,nan,0.000000
2,5,1,0,16247873,206600623,-5763129769939877728,1361360885.240484,15256,1064,276,nan,0.000000
2,5,2,0,16247873,206600655,-5763129769939875107,1361360885.241742,14568,-1108,660,nan,0.000000
2,5,2,0,16247873,206600655,-5763129769939872486,1361360885.241742,14764,-648,640,nan,0.000000
2,5,2,0,16247873,206600655,-5763129769939869865,1361360885.241742,14948,-1668,460,nan,0.000000
2,5,2,0,16247873,206600655,-5763129769939867244,1361360885.241742,15868,-1548,932,nan,0.000000
2,5,2,0,16247873,206600655,-5763129769939864623,1361360885.241742,16004,348,912,nan,0.000000
2,5,3,0,16247873,206600687,-5763129769939862002,1361360885.242500,17072,2692,2420,nan,0.000000
2,5,3,0,16247873,206600687,-5763129769939859381,1361360885.242500,16688,756,2380,nan,0.000000
2,5,3,0,16247873,206600687,-5763129769939856760,1361360885.242500,19752,-1952,-1876,nan,0.000000
2,5,3,0,16247873,206600687,-5763129769939854139,1361360885.242500,15188,-1096,-2732,nan,0.000000
2,5,3,0,16247873,206600687,-5763129769939851518,1361360885.242500,14096,-3564,-3136,nan,0.000000
2,5,4,0,16247873,206600719,-5763129769939848897,1361360885.243305,16896,-2364,-880,nan,0.000000
2,5,4,0,16247873,206600719,-5763129769939846276,1361360885.243305,15240,-976,-1124,nan,0.000000
2,5,4,0,16247873,206600719,-5763129769939843655,1361360885.243305,15428,868,-336,nan,0.000000
2,5,4,0,16247873,206600719,-5763129769939841034,1361360885.243305,15256,-560,-108,nan,0.000000
2,5,4,0,16247873,206600719,-5763129769939838413,1361360885.243305,16068,588,744,nan,0.000000
1,5,6,0,16329196,206925866,-576367309581561853,1361360895.166402,18528,788,-372,nan,0.000000
1,5,6,0,16329196,206925866,-576367309581559232,1361360895.166402,13744,-844,-104,nan,0.000000
2,5,7,0,16329196,206925898,-576367309581556611,1361360895.167107,14868,-1820,404,nan,0.000000
2,5,7,0,16329196,206925898,-576367309581553990,1361360895.167107,14772,-1196,848,nan,0.000000
2,5,7,0,16329196,206925898,-576367309581551369,1361360895.167107,15748,-1688,724,nan,0.000000
2,5,7,0,16329196,206925898,-576367309581548748,1361360895.167107,15856,-1812,640,nan,0.000000
2,5,7,0,16329196,206925898,-576367309581546127,1361360895.167107,16532,324,1588,nan,0.000000
2,5,8,0,16329196,206925930,-576367309581543506,1361360895.168234,15908,1736,3312,nan,0.000000
2,5,8,0,16329196,206925930,-576367309581540885,1361360895.168234,18892,-1752,-820,nan,0.000000
2,5,8,0,16329196,206925930,-576367309581538264,1361360895.168234,19620,-3996,-2096,nan,0.000000
2,5,8,0,16329196,206925930,-576367309581535643,1361360895.168234,10028,-2696,-3300,nan,0.000000
2,5,8,0,16329196,206925930,-576367309581533022,1361360895.168234,17532,-2108,-2572,nan,0.000000
2,5,9,0,16329196,206925962,-576367309581530401,1361360895.169339,16296,-2500,-1924,nan,0.000000
2,5,9,0,16329196,206925962,-576367309581527780,1361360895.169339,15276,-1604,-2336,nan,0.000000
2,5,9,0,16329196,206925962,-576367309581525159,1361360895.169339,15072,-16,-956,nan,0.000000
2,5,9,0,16329196,206925962,-576367309581522538,1361360895.169339,15808,-320,-720,nan,0.000000
2,5,9,0,16329196,206925962,-576367309581519917,1361360895.169339,15500,820,176,nan,0.000000
2,5,10,0,16329196,206925994,-576367309581517296,1361360895.170726,16032,-692,-408,nan,0.000000
2,5,10,0,16329196,206925994,-576367309581514675,1361360895.170726,16444,-448,1600,nan,0.000000
2,5,10,0,16329196,206925994,-576367309581512054,1361360895.170726,17568,-1552,1752,nan,0.000000
2,5,10,0,16329196,206925994,-576367309581509433,1361360895.170726,20736,-2524,-4052,nan,0.000000
2,5,10,0,16329196,206925994,-576367309581506812,1361360895.170726,12312,144,-3352,nan,0.000000
2,5,11,0,16329196,206926025,-576367309581504191,1361360895.171461,17676,1956,-1428,nan,0.000000
2,5,11,0,16329196,206926025,-576367309581501570,1361360895.171461,16244,636,-1356,nan,0.000000
2,5,11,0,16329196,206926025,-576367309581498949,1361360895.171461,14772,-2580,364,nan,0.000000
2,5,11,0,16329196,206926025,-576367309581496328,1361360895.171461,14420,-556,292,nan,0.000000
2,5,11,0,16329196,206926025,-576367309581493707,1361360895.171461,15240,-824,68,nan,0.000000
2,5,12,0,16329196,206926058,-576367309581491086,1361360895.172187,15392,-1572,256,nan,0.000000
2,5,12,0,16329196,206926058,-576367309581488465,1361360895.172187,15856,300,-608,nan,0.000000
2,5,12,0,16329196,206926058,-576367309581485844,1361360895.172187,18220,2948,1536,nan,0.000000
2,5,12,0,16329196,206926058,-576367309581483223,1361360895.172187,18740,296,-660,nan,0.000000
2,5,12,0,16329196,206926058,-576367309581480602,1361360895.172187,18720,-3464,-5180,nan,0.000000
1,5,13,0,16410519,206926089,-6846267471696166911,1361360895.172828,18652,-3460,-3840,nan,0.000000
1,5,13,15,16410519,206926089,-6846267471696164290,1361360895.172828,15456,-2128,-2352,nan,0.000000
2,5,14,15,16410519,206926122,-6846267471696161669,1361360895.173301,14712,212,-1712,nan,0.000000
2,5,14,15,16410519,206926122,-6846267471696159048,1361360895.173301,15132,-24,-1052,nan,0.000000
2,5,14,15,16410519,206926122,-6846267471696156427,1361360895.173301,15928,-180,-168,nan,0.000000
2,5,14,15,16410519,206926122,-6846267471696153806,1361360895.173301,15524,328,560,nan,0.000000
2,5,14,15,16410519,206926122,-6846267471696151185,1361360895.173301,15892,-1788,-1008,nan,0.000000
2,5,15,15,16410519,206926153,-6846267471696148564,1361360895.174036,17044,104,2676,nan,0.000000
2,5,15,15,16410519,206926153,-6846267471696145943,1361360895.174036,20272,480,320,nan,0.000000
2,5,15,15,16410519,206926153,-6846267471696143322,1361360895.174036,16080,-2416,-5756,nan,0.000000
2,5,15,15,16410519,206926153,-6846267471696140701,1361360895.174036,13332,640,316,nan,0.000000
2,5,15,15,16410519,206926153,-6846267471696138080,1361360895.174036,19680,320,-1440,nan,0.000000
2,5,0,15,16410519,206926186,-6846267471696135459,1361360895.174748,13860,-76,-488,nan,0.000000
2,5,0,15,16410519,206926186,-6846267471696132838,1361360895.174748,14604,-2244,-296,nan,0.000000
2,5,0,15,16410519,206926186,-6846267471696130217,1361360895.174748,14812,-1288,-316,nan,0.000000
2,5,0,15,16410519,206926186,-6846267471696127596,1361360895.174748,15528,-1192,496,nan,0.000000
2,5,0,15,16410519,206926186,-6846267471696124975,1361360895.174748,15344,-1724,352,nan,0.000000
2,5,1,15,16410519,206926217,-6846267471696122354,1361360895.176082,15856,-1316,-292,nan,0.000000
2,5,1,15,16410519,206926217,-6846267471696119733,1361360895.176082,18384,2380,3088,nan,0.000000
2,5,1,15,16410519,206926217,-6846267471696117112,1361360895.176082,18868,-2700,-384,nan,0.000000
2,5,1,15,16410519,206926217,-6846267471696114491,1361360895.176082,17492,-2920,-3252,nan,0.000000
2,5,1,15,16410519,206926217,-6846267471696111870,1361360895.176082,11180,-3260,-3492,nan,0.000000
2,5,2,15,16410519,206926250,-6846267471696109249,1361360895.176903,18236,-2532,-2392,nan,0.000000
2,5,2,15,16410519,206926250,-6846267471696106628,1361360895.176903,14920,-2336,-2080,nan,0.000000
2,5,2,15,16410519,206926250,-6846267471696104007,1361360895.176903,15144,248,-1168,nan,0.000000
2,5,2,15,16410519,206926250,-6846267471696101386,1361360895.176903,15508,-272,-692,nan,0.000000
2,5,2,15,16410519,206926250,-6846267471696098765,1361360895.176903,15776,612,80,nan,0.000000
2,5,3,15,16410519,206926281,-6846267471696096144,1361360895.178138,15536,996,396,nan,0.000000
2,5,3,15,16410519,206926281,-6846267471696093523,1361360895.178138,16024,-144,812,nan,0.000000
2,5,3,15,16410519,206926281,-6846267471696090902,1361360895.178138,16308,36,2716,nan,0.000000
2,5,3,15,16410519,206926281,-6846267471696088281,1361360895.178138,18524,-984,1760,nan,0.000000
2,5,3,15,16410519,206926281,-6846267471696085660,1361360895.178138,20432,-1832,-4352,nan,0.000000
1,5,4,0,16491842,206926314,3171502805672168449,1361360895.178512,18088,1500,-276,nan,0.000000
1,5,4,0,16491842,206926314,3171502805672171070,1361360895.178512,16440,356,164,nan,0.000000
2,5,5,0,16491842,206926345,3171502805672173691,1361360895.180392,14404,-1784,-260,nan,0.000000
2,5,5,0,16491842,206926345,3171502805672176312,1361360895.180392,15180,-1024,96,nan,0.000000
2,5,5,0,16491842,206926345,3171502805672178933,1361360895.180392,15240,-812,228,nan,0.000000
2,5,5,0,16491842,206926345,3171502805672181554,1361360895.180392,15544,-1940,256,nan,0.000000
2,5,5,0,16491842,206926345,3171502805672184175,1361360895.180392,15740,-1556,44,nan,0.000000
2,5,6,0,16491842,206926378,3171502805672186796,1361360895.180902,16648,1088,1000,nan,0.000000
2,5,6,0,16491842,206926378,3171502805672189417,1361360895.180902,18856,876,260,nan,0.000000
2,5,6,0,16491842,206926378,3171502805672192038,1361360895.180902,19580,-4248,-3568,nan,0.000000
2,5,6,0,16491842,206926378,3171502805672194659,1361360895.180902,11468,-2808,-3512,nan,0.000000
2,5,6,0,16491842,206926378,3171502805672197280,1361360895.180902,16196,-3672,-3960,nan,0.000000
2,5,7,0,16491842,206926409,3171502805672199901,1361360895.182362,16512,-1552,-2880,nan,0.000000
2,5,7,0,16491842,206926409,3171502805672202522,1361360895.182362,14228,-892,-2884,nan,0.000000
2,5,7,0,16491842,206926409,3171502805672205143,1361360895.182362,15552,28,-2548,nan,0.000000
2,5,7,0,16491842,206926409,3171502805672207764,1361360895.182362,15892,-976,-2448,nan,0.000000
2,5,7,0,16491842,206926409,3171502805672210385,1361360895.182362,15904,664,-1524,nan,0.000000
2,5,8,0,16491842,206926442,3171502805672213006,1361360895.182858,15816,896,-856,nan,0.000000
2,5,8,0,16491842,206926442,3171502805672215627,1361360895.182858,15984,32,-156,nan,0.000000
2,5,8,0,16491842,206926442,3171502805672218248,1361360895.182858,16508,372,932,nan,0.000000
2,5,8,0,16491842,206926442,3171502805672220869,1361360895.182858,17136,552,1168,nan,0.000000
2,5,8,0,16491842,206926442,3171502805672223490,1361360895.182858,19252,-3120,-2024,nan,0.000000
2,5,9,0,16491842,206926473,3171502805672226111,1361360895.184207,12636,-5900,-5188,nan,0.000000
2,5,9,0,16491842,206926473,3171502805672228732,1361360895.184207,17212,2636,-2088,nan,0.000000
2,5,9,0,16491842,206926473,3171502805672231353,1361360895.184207,16636,-2888,-1952,nan,0.000000
2,5,9,0,16491842,206926473,3171502805672233974,1361360895.184207,14204,-1280,-396,nan,0.000000
2,5,9,0,16491842,206926473,3171502805672236595,1361360895.184207,15828,-2084,-168,nan,0.000000
2,5,10,0,16491842,206926506,3171502805672239216,1361360895.184676,15216,-1840,-220,nan,0.000000
2,5,10,0,16491842,206926506,3171502805672241837,1361360895.184676,14868,-1776,624,nan,0.000000
2,5,10,0,16491842,206926506,3171502805672244458,1361360895.184676,15160,-1640,280,nan,0.000000
2,5,10,0,16491842,206926506,3171502805672247079,1361360895.184676,17372,-952,1432,nan,0.000000
2,5,10,0,16491842,206926506,3171502805672249700,1361360895.184676,17612,36,3368,nan,0.000000
1,5,11,0,16573164,206926537,8071032144173606143,1361360895.186061,14652,-3180,-2312,nan,0.000000
1,5,11,0,16573164,206926537,8071032144173608764,1361360895.186061,14620,-3784,-4044,nan,0.000000
2,5,12,0,16573164,206926570,8071032144173611385,1361360895.186312,16428,-2532,-2412,nan,0.000000
2,5,12,0,16573164,206926570,8071032144173614006,1361360895.186312,14672,-1444,-2028,nan,0.000000
2,5,12,0,16573164,206926570,8071032144173616627,1361360895.186312,15708,-648,-836,nan,0.000000
2,5,12,0,16573164,206926570,8071032144173619248,1361360895.186312,15736,-136,-596,nan,0.000000
2,5,12,0,16573164,206926570,8071032144173621869,1361360895.186312,15568,716,100,nan,0.000000
2,5,13,0,16573164,206926601,8071032144173624490,1361360895.188236,15584,1328,508,nan,0.000000
2,5,13,0,16573164,206926601,8071032144173627111,1361360895.188236,16024,-88,972,nan,0.000000
2,5,13,0,16573164,206926601,8071032144173629732,1361360895.188236,17232,984,1824,nan,0.000000
2,5,13,0,16573164,206926601,8071032144173632353,1361360895.188236,18968,-80,1044,nan,0.000000
2,5,13,0,16573164,206926601,8071032144173634974,1361360895.188236,16316,-4612,-5388,nan,0.000000
2,5,14,0,16573164,206926633,8071032144173637595,1361360895.188650,14288,-704,-908,nan,0.000000
2,5,14,0,16573164,206926633,8071032144173640216,1361360895.188650,18120,1488,-1432,nan,0.000000
2,5,14,0,16573164,206926633,8071032144173642837,1361360895.188650,14600,-2716,-756,nan,0.000000
2,5,14,0,16573164,206926633,8071032144173645458,1361360895.188650,14928,-2084,-372,nan,0.000000
2,5,14,0,16573164,206926633,8071032144173648079,1361360895.188650,15260,-1292,-128,nan,0.000000
2,5,15,0,16573164,206926665,8071032144173650700,1361360895.190055,15216,-2376,316,nan,0.000000
2,5,15,0,16573164,206926665,8071032144173653321,1361360895.190055,15356,-1880,312,nan,0.000000
2,5,15,0,16573164,206926665,8071032144173655942,1361360895.190055,16144,-960,124,nan,0.000000
2,5,15,0,16573164,206926665,8071032144173658563,1361360895.190055,19204,592,1452,nan,0.000000
2,5,15,0,16573164,206926665,8071032144173661184,1361360895.190055,18788,-4804,-3792,nan,0.000000
2,5,0,0,16573164,206926697,8071032144173663805,1361360895.190648,12584,-2904,-3804,nan,0.000000
2,5,0,0,16573164,206926697,8071032144173666426,1361360895.190648,17524,-3692,-4496,nan,0.000000
2,5,0,0,16573164,206926697,8071032144173669047,1361360895.190648,14308,-1292,-3132,nan,0.000000
2,5,0,0,16573164,206926697,8071032144173671668,1361360895.190648,15020,-1028,-1904,nan,0.000000
2,5,0,0,16573164,206926697,8071032144173674289,1361360895.190648,15628,-488,-1956,nan,0.000000
2,5,1,0,16573164,206926729,8071032144173676910,1361360897.646349,16252,372,-1804,nan,0.000000
2,5,1,0,16573164,206926729,8071032144173679531,1361360897.646349,15344,1140,-872,nan,0.000000
2,5,1,0,16573164,206926729,8071032144173682152,1361360897.646349,15800,1148,-1280,nan,0.000000
2,5,1,0,16573164,206926729,8071032144173684773,1361360897.646349,17100,1016,464,nan,0.000000
2,5,1,0,16573164,206926729,8071032144173687394,1361360897.646349,15956,780,1300,nan,0.000000
1,5,2,0,16654487,207007191,-7422930521254267656,1361360897.648079,17980,-3420,-6004,nan,0.000000
1,5,2,0,16654487,207007191,-7422930521254265035,1361360897.648079,13864,-1392,524,nan,0.000000
2,5,3,0,16654487,207007223,-7422930521254262414,1361360897.648483,17740,344,-1200,nan,0.000000
2,5,3,0,16654487,207007223,-7422930521254259793,1361360897.648483,14700,-2960,-900,nan,0.000000
2,5,3,0,16654487,207007223,-7422930521254257172,1361360897.648483,14324,-2916,-1136,nan,0.000000
2,5,3,0,16654487,207007223,-7422930521254254551,1361360897.648483,15132,-2196,320,nan,0.000000
2,5,3,0,16654487,207007223,-7422930521254251930,1361360897.648483,14584,-2580,108,nan,0.000000
2,5,4,0,16654487,207007255,-7422930521254249309,1361360897.650186,15640,-2424,-348,nan,0.000000
2,5,4,0,16654487,207007255,-7422930521254246688,1361360897.650186,16964,-2592,0,nan,0.000000
2,5,4,0,16654487,207007255,-7422930521254244067,1361360897.650186,18360,68,564,nan,0.000000
2,5,4,0,16654487,207007255,-7422930521254241446,1361360897.650186,19108,-4332,-2932,nan,0.000000
2,5,4,0,16654487,207007255,-7422930521254238825,1361360897.650186,11632,-172,-3472,nan,0.000000
2,5,5,0,16654487,207007287,-7422930521254236204,1361360897.651144,18040,-3608,-3172,nan,0.000000
2,5,5,0,16654487,207007287,-7422930521254233583,1361360897.651144,13980,-832,-1904,nan,0.000000
2,5,5,0,16654487,207007287,-7422930521254230962,1361360897.651144,15276,-176,-1996,nan,0.000000
2,5,5,0,16654487,207007287,-7422930521254228341,1361360897.651144,15776,184,-1508,nan,0.000000
2,5,5,0,16654487,207007287,-7422930521254225720,1361360897.651144,15648,188,-808,nan,0.000000
2,5,6,0,16654487,207007319,-7422930521254223099,1361360897.651861,15736,1992,252,nan,0.000000
2,5,6,0,16654487,207007319,-7422930521254220478,1361360897.651861,15800,880,-1044,nan,0.000000
2,5,6,0,16654487,207007319,-7422930521254217857,1361360897.651861,16624,376,1132,nan,0.000000
2,5,6,0,16654487,207007319,-7422930521254215236,1361360897.651861,20108,672,-784,nan,0.000000
2,5,6,0,16654487,207007319,-7422930521254212615,1361360897.651861,16252,-5128,-6132,nan,0.000000
2,5,7,0,16654487,207007351,-7422930521254209994,1361360897.652706,15588,2136,-1600,nan,0.000000
2,5,7,0,16654487,207007351,-7422930521254207373,1361360897.652706,15912,-3336,-2660,nan,0.000000
2,5,7,0,16654487,207007351,-7422930521254204752,1361360897.652706,14264,-564,-2060,nan,0.000000
2,5,7,0,16654487,207007351,-7422930521254202131,1361360897.652706,14856,-760,-1728,nan,0.000000
2,5,7,0,16654487,207007351,-7422930521254199510,1361360897.652706,15436,-1456,-2056,nan,0.000000
2,5,8,0,16654487,207007383,-7422930521254196889,1361360900.128307,15216,-1832,-1528,nan,0.000000
2,5,8,0,16654487,207007383,-7422930521254194268,1361360900.128307,16392,-2308,-1952,nan,0.000000
2,5,8,0,16654487,207007383,-7422930521254191647,1361360900.128307,16440,600,-708,nan,0.000000
2,5,8,0,16654487,207007383,-7422930521254189026,1361360900.128307,16180,-1220,296,nan,0.000000
2,5,8,0,16654487,207007383,-7422930521254186405,1361360900.128307,18956,-2772,-4804,nan,0.000000
1,5,9,0,16735809,207088520,6987612955495893242,1361360900.130397,13836,-2156,-3288,nan,0.000000
1,5,9,0,16735809,207088520,6987612955495895863,1361360900.130397,16852,-736,-2344,nan,0.000000
2,5,10,0,16735809,207088552,6987612955495898484,1361360900.133535,14960,-1172,-1820,nan,0.000000
2,5,10,0,16735809,207088552,6987612955495901105,1361360900.133535,15472,812,-1752,nan,0.000000
2,5,10,0,16735809,207088552,6987612955495903726,1361360900.133535,15476,84,-1656,nan,0.000000
2,5,10,0,16735809,207088552,6987612955495906347,1361360900.133535,15040,1584,-464,nan,0.000000
2,5,10,0,16735809,207088552,6987612955495908968,1361360900.133535,15800,-12,-1152,nan,0.000000
2,5,11,0,16735809,207088584,6987612955495911589,1361360900.138975,16656,76,268,nan,0.000000
2,5,11,0,16735809,207088584,6987612955495914210,1361360900.138975,19104,1208,1376,nan,0.000000
2,5,11,0,16735809,207088584,6987612955495916831,1361360900.138975,18284,-2672,-5916,nan,0.000000
2,5,11,0,16735809,207088584,6987612955495919452,1361360900.138975,15172,-2964,-1248,nan,0.000000
2,5,11,0,16735809,207088584,6987612955495922073,1361360900.138975,16416,1828,-2672,nan,0.000000
2,5,12,0,16735809,207088616,6987612955495924694,1361360900.142965,14348,-2396,-2040,nan,0.000000
2,5,12,0,16735809,207088616,6987612955495927315,1361360900.142965,14692,-1508,-976,nan,0.000000
2,5,12,0,16735809,207088616,6987612955495929936,1361360900.142965,15116,-1684,-636,nan,0.000000
2,5,12,0,16735809,207088616,6987612955495932557,1361360900.142965,14976,-1564,-528,nan,0.000000
2,5,12,0,16735809,207088616,6987612955495935178,1361360900.142965,15916,-1748,-732,nan,0.000000
2,5,13,0,16735809,207088648,6987612955495937799,1361360900.145806,16116,-1284,-1108,nan,0.000000
2,5,13,0,16735809,207088648,6987612955495940420,1361360900.145806,18888,1064,1088,nan,0.000000
2,5,13,0,16735809,207088648,6987612955495943041,1361360900.145806,19188,-3652,-4136,nan,0.000000
2,5,13,0,16735809,207088648,6987612955495945662,1361360900.145806,12336,-692,-3728,nan,0.000000
2,5,13,0,16735809,207088648,6987612955495948283,1361360900.145806,17008,-5744,-5088,nan,0.000000
2,5,14,0,16735809,207088680,6987612955495950904,1361360900.150155,14620,252,-2948,nan,0.000000
2,5,14,0,16735809,207088680,6987612955495953525,1361360900.150155,14972,-552,-2940,nan,0.000000
2,5,14,0,16735809,207088680,6987612955495956146,1361360900.150155,15336,544,-2112,nan,0.000000
2,5,14,0,16735809,207088680,6987612955495958767,1361360900.150155,15452,600,-1700,nan,0.000000
2,5,14,0,16735809,207088680,6987612955495961388,1361360900.150155,16144,1200,-684,nan,0.000000
2,5,15,0,16735809,207088712,6987612955495964009,1361360902.610223,15308,1312,-1888,nan,0.000000
2,5,15,0,16735809,207088712,6987612955495966630,1361360902.610223,16716,-792,-656,nan,0.000000
2,5,15,0,16735809,207088712,6987612955495969251,1361360902.610223,16312,4012,1840,nan,0.000000
2,5,15,0,16735809,207088712,6987612955495971872,1361360902.610223,21224,-1964,-1664,nan,0.000000
2,5,15,0,16735809,207088712,6987612955495974493,1361360902.610223,14196,-4096,-4092,nan,0.000000
1,5,0,0,39917,207169848,8141919871664496888,1361360902.611969,16104,-1168,-1644,nan,0.000000
1,5,0,0,39917,207169848,8141919871664499509,1361360902.611969,14420,-1688,-436,nan,0.000000
2,5,1,0,39917,207169880,8141919871664502130,1361360902.612566,14708,-1740,-508,nan,0.000000
2,5,1,0,39917,207169880,8141919871664504751,1361360902.612566,15060,-1476,-652,nan,0.000000
2,5,1,0,39917,207169880,8141919871664507372,1361360902.612566,15448,-1212,-564,nan,0.000000
2,5,1,0,39917,207169880,8141919871664509993,1361360902.612566,15536,-1732,-1012,nan,0.000000
2,5,1,0,39917,207169880,8141919871664512614,1361360902.612566,16676,-172,-208,nan,0.000000
2,5,2,0,39917,207169912,8141919871664515235,1361360902.615946,18548,2528,1080,nan,0.000000
2,5,2,0,39917,207169912,8141919871664517856,1361360902.615946,21772,-4564,-6312,nan,0.000000
2,5,2,0,39917,207169912,8141919871664520477,1361360902.615946,9428,-996,-1968,nan,0.000000
2,5,2,0,39917,207169912,8141919871664523098,1361360902.615946,17264,-5312,-5784,nan,0.000000
2,5,2,0,39917,207169912,8141919871664525719,1361360902.615946,15944,444,-1972,nan,0.000000
2,5,3,0,39917,207170015,8141919871664528340,1361360902.616772,14264,724,-3312,nan,0.000000
2,5,3,0,39917,207170015,8141919871664530961,1361360902.616772,14680,1076,-2276,nan,0.000000
2,5,3,0,39917,207170015,8141919871664533582,1361360902.616772,15860,-308,-2036,nan,0.000000
2,5,3,0,39917,207170015,8141919871664536203,1361360902.616772,15844,180,-652,nan,0.000000
2,5,3,0,39917,207170015,8141919871664538824,1361360902.616772,15432,748,-1808,nan,0.000000
2,5,4,0,39917,207170046,8141919871664541445,1361360902.618220,17208,616,496,nan,0.000000
2,5,4,0,39917,207170046,8141919871664544066,1361360902.618220,21104,504,-2888,nan,0.000000
2,5,4,0,39917,207170046,8141919871664546687,1361360902.618220,13164,-2768,-5336,nan,0.000000
2,5,4,0,39917,207170046,8141919871664549308,1361360902.618220,18224,3216,-708,nan,0.000000
2,5,4,0,39917,207170046,8141919871664551929,1361360902.618220,16312,324,-2840,nan,0.000000
2,5,5,0,39917,207170079,8141919871664554550,1361360902.618973,13936,-1464,-996,nan,0.000000
2,5,5,0,39917,207170079,8141919871664557171,1361360902.618973,14732,168,-1144,nan,0.000000
2,5,5,0,39917,207170079,8141919871664559792,1361360902.618973,14684,-956,-1856,nan,0.000000
2,5,5,0,39917,207170079,8141919871664562413,1361360902.618973,16052,-1276,-2348,nan,0.000000
2,5,5,0,39917,207170079,8141919871664565034,1361360902.618973,16212,-1592,-1716,nan,0.000000
1,5,7,0,121240,207332500,-5404697771016041219,1361360907.575975,17604,-3784,-3912,nan,0.000000
1,5,7,0,121240,207332500,-5404697771016038598,1361360907.575975,15352,-56,-2364,nan,0.000000
2,5,8,0,121240,207332532,-5404697771016035977,1361360907.576607,15044,-352,-2800,nan,0.000000
2,5,8,0,121240,207332532,-5404697771016033356,1361360907.576607,15296,-40,-2004,nan,0.000000
2,5,8,0,121240,207332532,-5404697771016030735,1361360907.576607,15844,-164,-1668,nan,0.000000
2,5,8,0,121240,207332532,-5404697771016028114,1361360907.576607,16096,348,-1220,nan,0.000000
2,5,8,0,121240,207332532,-5404697771016025493,1361360907.576607,16160,-16,-1144,nan,0.000000
2,5,9,0,121240,207332564,-5404697771016022872,1361360907.577790,15960,224,-148,nan,0.000000
2,5,9,0,121240,207332564,-5404697771016020251,1361360907.577790,17028,2472,236,nan,0.000000
2,5,9,0,121240,207332564,-5404697771016017630,1361360907.577790,19724,236,-1244,nan,0.000000
2,5,9,0,121240,207332564,-5404697771016015009,1361360907.577790,14200,16,-4136,nan,0.000000
2,5,9,0,121240,207332564,-5404697771016012388,1361360907.577790,15732,1664,244,nan,0.000000
2,5,10,0,121240,207332596,-5404697771016009767,1361360907.578853,18096,484,-1880,nan,0.000000
2,5,10,0,121240,207332596,-5404697771016007146,1361360907.578853,14560,-704,-1360,nan,0.000000
2,5,10,0,121240,207332596,-5404697771016004525,1361360907.578853,14792,-120,-1400,nan,0.000000
2,5,10,0,121240,207332596,-5404697771016001904,1361360907.578853,15544,-984,-2080,nan,0.000000
2,5,10,0,121240,207332596,-5404697771015999283,1361360907.578853,15780,-2352,-2592,nan,0.000000
2,5,11,0,121240,207332628,-5404697771015996662,1361360907.580134,15336,-2708,-1616,nan,0.000000
2,5,11,0,121240,207332628,-5404697771015994041,1361360907.580134,16752,-1008,-1032,nan,0.000000
2,5,11,0,121240,207332628,-5404697771015991420,1361360907.580134,16620,956,128,nan,0.000000
2,5,11,0,121240,207332628,-5404697771015988799,1361360907.580134,15584,916,-160,nan,0.000000
2,5,11,0,121240,207332628,-5404697771015986178,1361360907.580134,16332,468,-984,nan,0.000000
2,5,12,0,121240,207332660,-5404697771015983557,1361360907.580848,22048,-1500,-5224,nan,0.000000
2,5,12,0,121240,207332660,-5404697771015980936,1361360907.580848,10876,-2268,-5144,nan,0.000000
2,5,12,0,121240,207332660,-5404697771015978315,1361360907.580848,16948,-4484,-3984,nan,0.000000
2,5,12,0,121240,207332660,-5404697771015975694,1361360907.580848,14996,-608,-2368,nan,0.000000
2,5,12,0,121240,207332660,-5404697771015973073,1361360907.580848,15352,-340,-3012,nan,0.000000
2,5,13,0,121240,207332692,-5404697771015970452,1361360907.581598,15460,-472,-3076,nan,0.000000
2,5,13,0,121240,207332692,-5404697771015967831,1361360907.581598,15240,108,-2448,nan,0.000000
2,5,13,0,121240,207332692,-5404697771015965210,1361360907.581598,15692,212,-2080,nan,0.000000
2,5,13,0,121240,207332692,-5404697771015962589,1361360907.581598,16100,8,-1952,nan,0.000000
2,5,13,0,121240,207332692,-5404697771015959968,1361360907.581598,16916,24,-1352,nan,0.000000
1,5,14,0,202562,207332724,8139812126060182771,1361360907.582308,16904,3676,-88,nan,0.000000
1,5,14,15,202562,207332724,8139812126060185392,1361360907.582308,18220,-992,-5280,nan,0.000000
2,5,15,15,202562,207332756,8139812126060188013,1361360907.582733,12680,-3400,-2460,nan,0.000000
2,5,15,15,202562,207332756,8139812126060190634,1361360907.582733,19068,3248,-1584,nan,0.000000
2,5,15,15,202562,207332756,8139812126060193255,1361360907.582733,15092,-224,-720,nan,0.000000
2,5,15,15,202562,207332756,8139812126060195876,1361360907.582733,14996,-1320,-1812,nan,0.000000
2,5,15,15,202562,207332756,8139812126060198497,1361360907.582733,14756,-1860,-2224,nan,0.000000
2,5,0,15,202562,207332788,8139812126060201118,1361360907.584268,15616,-2172,-2540,nan,0.000000
2,5,0,15,202562,207332788,8139812126060203739,1361360907.584268,15592,-2540,-1516,nan,0.000000
2,5,0,15,202562,207332788,8139812126060206360,1361360907.584268,15616,-1036,-784,nan,0.000000
2,5,0,15,202562,207332788,8139812126060208981,1361360907.584268,15740,-668,-1188,nan,0.000000
2,5,0,15,202562,207332788,8139812126060211602,1361360907.584268,16604,2088,148,nan,0.000000
2,5,1,15,202562,207332820,8139812126060214223,1361360907.584919,19356,544,-2076,nan,0.000000
2,5,1,15,202562,207332820,8139812126060216844,1361360907.584919,19940,-4104,-6240,nan,0.000000
2,5,1,15,202562,207332820,8139812126060219465,1361360907.584919,9552,-3968,-5116,nan,0.000000
2,5,1,15,202562,207332820,8139812126060222086,1361360907.584919,16368,-3384,-3824,nan,0.000000
2,5,1,15,202562,207332820,8139812126060224707,1361360907.584919,15700,-1180,-3584,nan,0.000000
2,5,2,15,202562,207332852,8139812126060227328,1361360907.585772,14736,-396,-3516,nan,0.000000
2,5,2,15,202562,207332852,8139812126060229949,1361360907.585772,15508,828,-2132,nan,0.000000
2,5,2,15,202562,207332852,8139812126060232570,1361360907.585772,15676,-312,-2180,nan,0.000000
2,5,2,15,202562,207332852,8139812126060235191,1361360907.585772,15444,1308,-1008,nan,0.000000
2,5,2,15,202562,207332852,8139812126060237812,1361360907.585772,15604,484,-1108,nan,0.000000
2,5,3,15,202562,207332884,8139812126060240433,1361360907.586319,16712,1180,156,nan,0.000000
2,5,3,15,202562,207332884,8139812126060243054,1361360907.586319,17028,1156,1460,nan,0.000000
2,5,3,15,202562,207332884,8139812126060245675,1361360907.586319,20316,-704,-1356,nan,0.000000
2,5,3,15,202562,207332884,8139812126060248296,1361360907.586319,13000,-3836,-7180,nan,0.000000
2,5,3,15,202562,207332884,8139812126060250917,1361360907.586319,17584,3356,-52,nan,0.000000
2,5,4,15,202562,207332916,8139812126060253538,1361360910.056086,16500,1072,-2088,nan,0.000000
2,5,4,15,202562,207332916,8139812126060256159,1361360910.056086,14996,-1572,-1000,nan,0.000000
2,5,4,15,202562,207332916,8139812126060258780,1361360910.056086,14432,-1960,-1096,nan,0.000000
2,5,4,15,202562,207332916,8139812126060261401,1361360910.056086,15192,-1360,-592,nan,0.000000
2,5,4,15,202562,207332916,8139812126060264022,1361360910.056086,15744,-1340,-740,nan,0.000000
1,5,5,0,283884,207413827,1800556915533207799,1361360910.057727,15584,-1272,-536,nan,0.000000
1,5,5,1,283884,207413827,1800556915533210420,1361360910.057727,16492,1264,1388,nan,0.000000
2,5,6,1,283884,207413859,1800556915533213041,1361360910.058514,18052,568,980,nan,0.000000
2,5,6,1,283884,207413859,1800556915533215662,1361360910.058514,21712,-3340,-4832,nan,0.000000
2,5,6,1,283884,207413859,1800556915533218283,1361360910.058514,9580,-1828,-1944,nan,0.000000
2,5,6,1,283884,207413859,1800556915533220904,1361360910.058514,16848,-4292,-3592,nan,0.000000
2,5,6,1,283884,207413859,1800556915533223525,1361360910.058514,16876,-868,-2784,nan,0.000000
2,5,7,1,283884,207413891,1800556915533226146,1361360910.060055,14208,-204,-1864,nan,0.000000
2,5,7,1,283884,207413891,1800556915533228767,1361360910.060055,14804,784,-1372,nan,0.000000
2,5,7,1,283884,207413891,1800556915533231388,1361360910.060055,16488,532,-852,nan,0.000000
2,5,7,1,283884,207413891,1800556915533234009,1361360910.060055,15924,768,188,nan,0.000000
2,5,7,1,283884,207413891,1800556915533236630,1361360910.060055,15304,788,-1068,nan,0.000000
2,5,8,1,283884,207413923,1800556915533239251,1361360910.060760,16108,-124,-396,nan,0.000000
2,5,8,1,283884,207413923,1800556915533241872,1361360910.060760,17768,1652,1084,nan,0.000000
2,5,8,1,283884,207413923,1800556915533244493,1361360910.060760,21152,-1280,-3636,nan,0.000000
2,5,8,1,283884,207413923,1800556915533247114,1361360910.060760,11940,-3104,-5740,nan,0.000000
2,5,8,1,283884,207413923,1800556915533249735,1361360910.060760,17344,2384,-1492,nan,0.000000
2,5,9,1,283884,207413955,1800556915533252356,1361360910.061747,16400,-1680,-2536,nan,0.000000
2,5,9,1,283884,207413955,1800556915533254977,1361360910.061747,14116,-2484,-1524,nan,0.000000
2,5,9,1,283884,207413955,1800556915533257598,1361360910.061747,15304,-320,-1216,nan,0.000000
2,5,9,1,283884,207413955,1800556915533260219,1361360910.061747,14560,-1532,-1024,nan,0.000000
2,5,9,1,283884,207413955,1800556915533262840,1361360910.061747,16392,-488,-1116,nan,0.000000
2,5,10,1,283884,207413987,1800556915533265461,1361360910.062450,15576,-888,-1156,nan,0.000000
2,5,10,1,283884,207413987,1800556915533268082,1361360910.062450,15608,-1108,-428,nan,0.000000
2,5,10,1,283884,207413987,1800556915533270703,1361360910.062450,16604,-388,544,nan,0.000000
2,5,10,1,283884,207413987,1800556915533273324,1361360910.062450,18824,-724,-3380,nan,0.000000
2,5,10,1,283884,207413987,1800556915533275945,1361360910.062450,19300,-4404,-4868,nan,0.000000
2,5,11,1,283884,207414019,1800556915533278566,1361360912.538048,10036,-1960,-4788,nan,0.000000
2,5,11,1,283884,207414019,1800556915533281187,1361360912.538048,17248,-2696,-4512,nan,0.000000
2,5,11,1,283884,207414019,1800556915533283808,1361360912.538048,15776,-596,-3252,nan,0.000000
2,5,11,1,283884,207414019,1800556915533286429,1361360912.538048,13956,-1060,-3596,nan,0.000000
2,5,11,1,283884,207414019,1800556915533289050,1361360912.538048,15768,380,-2260,nan,0.000000
1,5,12,0,365207,207495155,6984653067375561965,1361360912.539720,15620,12,-956,nan,0.000000
1,5,12,0,365207,207495155,6984653067375564586,1361360912.539720,15888,-992,-1532,nan,0.000000
2,5,13,0,365207,207495187,6984653067375567207,1361360912.540211,16452,-936,-456,nan,0.000000
2,5,13,0,365207,207495187,6984653067375569828,1361360912.540211,16048,1512,956,nan,0.000000
2,5,13,0,365207,207495187,6984653067375572449,1361360912.540211,20140,860,116,nan,0.000000
2,5,13,0,365207,207495187,6984653067375575070,1361360912.540211,17864,-1772,-6520,nan,0.000000
2,5,13,0,365207,207495187,6984653067375577691,1361360912.540211,9672,536,-804,nan,0.000000
2,5,14,0,365207,207495219,6984653067375580312,1361360912.541710,20012,148,-1556,nan,0.000000
2,5,14,0,365207,207495219,6984653067375582933,1361360912.541710,16852,860,-1524,nan,0.000000
2,5,14,0,365207,207495219,6984653067375585554,1361360912.541710,13828,-976,-992,nan,0.000000
2,5,14,0,365207,207495219,6984653067375588175,1361360912.541710,14800,-1640,-1940,nan,0.000000
2,5,14,0,365207,207495219,6984653067375590796,1361360912.541710,16024,-1216,-2704,nan,0.000000
2,5,15,0,365207,207495251,6984653067375593417,1361360912.542606,15952,-2380,-1600,nan,0.000000
2,5,15,0,365207,207495251,6984653067375596038,1361360912.542606,15276,-1836,-1224,nan,0.000000
2,5,15,0,365207,207495251,6984653067375598659,1361360912.542606,15336,-1328,-1308,nan,0.000000
2,5,15,0,365207,207495251,6984653067375601280,1361360912.542606,15640,-1084,-332,nan,0.000000
2,5,15,0,365207,207495251,6984653067375603901,1361360912.542606,17624,796,-100,nan,0.000000
2,5,0,0,365207,207495283,6984653067375606522,1361360912.543660,22128,-3396,-8056,nan,0.000000
2,5,0,0,365207,207495283,6984653067375609143,1361360912.543660,7956,-2068,-3588,nan,0.000000
2,5,0,0,365207,207495283,6984653067375611764,1361360912.543660,17744,-3924,-5800,nan,0.000000
2,5,0,0,365207,207495283,6984653067375614385,1361360912.543660,16068,-964,-3776,nan,0.000000
2,5,0,0,365207,207495283,6984653067375617006,1361360912.543660,14236,-1488,-3564,nan,0.000000
2,5,1,0,365207,207495315,6984653067375619627,1361360912.545720,15552,140,-2876,nan,0.000000
2,5,1,0,365207,207495315,6984653067375622248,1361360912.545720,15584,-28,-3088,nan,0.000000
2,5,1,0,365207,207495315,6984653067375624869,1361360912.545720,15636,-264,-2856,nan,0.000000
2,5,1,0,365207,207495315,6984653067375627490,1361360912.545720,15668,-324,-2944,nan,0.000000
2,5,1,0,365207,207495315,6984653067375630111,1361360912.545720,16196,-68,-2236,nan,0.000000
2,5,2,0,365207,207495347,6984653067375632732,1361360915.019959,16380,584,-1608,nan,0.000000
2,5,2,0,365207,207495347,6984653067375635353,1361360915.019959,16144,2032,264,nan,0.000000
2,5,2,0,365207,207495347,6984653067375637974,1361360915.019959,16576,1180,-492,nan,0.000000
2,5,2,0,365207,207495347,6984653067375640595,1361360915.019959,20412,-2256,-5196,nan,0.000000
2,5,2,0,365207,207495347,6984653067375643216,1361360915.019959,11876,-2584,-4800,nan,0.000000
1,5,3,0,446528,207576478,577006140408183033,1361360915.021609,16908,-340,-2312,nan,0.000000
1,5,3,0,446528,207576478,577006140408185654,1361360915.021609,13952,-1808,-1064,nan,0.000000
2,5,4,0,446528,207576510,577006140408188275,1361360915.022221,15520,-1408,-1176,nan,0.000000
2,5,4,0,446528,207576510,577006140408190896,1361360915.022221,15188,-1184,-764,nan,0.000000
2,5,4,0,446528,207576510,577006140408193517,1361360915.022221,16132,-708,-256,nan,0.000000
2,5,4,0,446528,207576510,577006140408196138,1361360915.022221,15772,-1588,-472,nan,0.000000
2,5,4,0,446528,207576510,577006140408198759,1361360915.022221,15412,-1536,-616,nan,0.000000
2,5,5,0,446528,207576542,577006140408201380,1361360915.023750,16100,-324,540,nan,0.000000
2,5,5,0,446528,207576542,577006140408204001,1361360915.023750,16320,-588,1648,nan,0.000000
2,5,5,0,446528,207576542,577006140408206622,1361360915.023750,21052,-2688,-2996,nan,0.000000
2,5,5,0,446528,207576542,577006140408209243,1361360915.023750,15556,-1940,-2096,nan,0.000000
2,5,5,0,446528,207576542,577006140408211864,1361360915.023750,11880,-2016,-2800,nan,0.000000
2,5,6,0,446528,207576573,577006140408214485,1361360915.024554,17564,-1640,-3296,nan,0.000000
2,5,6,0,446528,207576573,577006140408217106,1361360915.024554,15656,-1256,-2592,nan,0.000000
2,5,6,0,446528,207576573,577006140408219727,1361360915.024554,15268,236,-2596,nan,0.000000
2,5,6,0,446528,207576573,577006140408222348,1361360915.024554,15592,688,-2144,nan,0.000000
2,5,6,0,446528,207576573,577006140408224969,1361360915.024554,15776,-288,-1544,nan,0.000000
2,5,7,0,446528,207576606,577006140408227590,1361360915.025251,15832,884,-1200,nan,0.000000
2,5,7,0,446528,207576606,577006140408230211,1361360915.025251,15984,1312,-1112,nan,0.000000
2,5,7,0,446528,207576606,577006140408232832,1361360915.025251,16176,240,-636,nan,0.000000
2,5,7,0,446528,207576606,577006140408235453,1361360915.025251,16036,232,-156,nan,0.000000
2,5,7,0,446528,207576606,577006140408238074,1361360915.025251,16860,1468,624,nan,0.000000
2,5,8,0,446528,207576637,577006140408240695,1361360915.025977,20120,872,-1232,nan,0.000000
2,5,8,0,446528,207576637,577006140408243316,1361360915.025977,15220,-3720,-6264,nan,0.000000
2,5,8,0,446528,207576637,577006140408245937,1361360915.025977,14832,1148,-40,nan,0.000000
2,5,8,0,446528,207576637,577006140408248558,1361360915.025977,17088,476,-2236,nan,0.000000
2,5,8,0,446528,207576637,577006140408251179,1361360915.025977,14556,-2020,-1092,nan,0.000000
2,5,9,0,446528,207576670,577006140408253800,1361360917.501964,15312,-2064,-804,nan,0.000000
2,5,9,0,446528,207576670,577006140408256421,1361360917.501964,15216,-1552,-996,nan,0.000000
2,5,9,0,446528,207576670,577006140408259042,1361360917.501964,15896,-1252,-296,nan,0.000000
2,5,9,0,446528,207576670,577006140408261663,1361360917.501964,15248,-1596,292,nan,0.000000
2,5,9,0,446528,207576670,577006140408264284,1361360917.501964,15460,-1524,476,nan,0.000000
1,5,10,0,527849,207657805,2088809281313561852,1361360917.503611,16516,-784,1664,nan,0.000000
1,5,10,0,527849,207657805,2088809281313564473,1361360917.503611,19680,-3640,-2580,nan,0.000000
2,5,11,0,527849,207657837,2088809281313567094,1361360917.504209,16800,-1440,-3052,nan,0.000000
2,5,11,0,527849,207657837,2088809281313569715,1361360917.504209,13564,-5072,-4660,nan,0.000000
2,5,11,0,527849,207657837,2088809281313572336,1361360917.504209,15632,-1392,-3076,nan,0.000000
2,5,11,0,527849,207657837,2088809281313574957,1361360917.504209,16524,-1372,-3572,nan,0.000000
2,5,11,0,527849,207657837,2088809281313577578,1361360917.504209,15172,-1748,-3516,nan,0.000000
2,5,12,0,527849,207657869,2088809281313580199,1361360917.505663,15448,288,-3500,nan,0.000000
2,5,12,0,527849,207657869,2088809281313582820,1361360917.505663,15964,-112,-4100,nan,0.000000
2,5,12,0,527849,207657869,2088809281313585441,1361360917.505663,16444,1660,-2464,nan,0.000000
2,5,12,0,527849,207657869,2088809281313588062,1361360917.505663,16156,376,-1944,nan,0.000000
2,5,12,0,527849,207657869,2088809281313590683,1361360917.505663,15432,792,-1072,nan,0.000000
2,5,13,0,527849,207657901,2088809281313593304,1361360917.506487,15896,1304,-168,nan,0.000000
2,5,13,0,527849,207657901,2088809281313595925,1361360917.506487,16508,1260,912,nan,0.000000
2,5,13,0,527849,207657901,2088809281313598546,1361360917.506487,16108,2420,1740,nan,0.000000
2,5,13,0,527849,207657901,2088809281313601167,1361360917.506487,15428,2104,2020,nan,0.000000
2,5,13,0,527849,207657901,2088809281313603788,1361360917.506487,19784,-2528,-664,nan,0.000000
2,5,14,0,527849,207657933,2088809281313606409,1361360917.507140,14704,-4716,-4584,nan,0.000000
2,5,14,0,527849,207657933,2088809281313609030,1361360917.507140,16196,52,-996,nan,0.000000
2,5,14,0,527849,207657933,2088809281313611651,1361360917.507140,16024,-4048,-1476,nan,0.000000
2,5,14,0,527849,207657933,2088809281313614272,1361360917.507140,14824,-2344,-404,nan,0.000000
2,5,14,0,527849,207657933,2088809281313616893,1361360917.507140,15248,-1700,-84,nan,0.000000
2,5,15,0,527849,207657964,2088809281313619514,1361360917.507828,15676,-1408,-160,nan,0.000000
2,5,15,0,527849,207657964,2088809281313622135,1361360917.507828,14680,-1424,856,nan,0.000000
2,5,15,0,527849,207657964,2088809281313624756,1361360917.507828,14808,-716,780,nan,0.000000
2,5,15,0,527849,207657964,2088809281313627377,1361360917.507828,16672,-312,248,nan,0.000000
2,5,15,0,527849,207657964,2088809281313629998,1361360917.507828,19144,-28,2036,nan,0.000000
2,5,0,0,527849,207657997,2088809281313632619,1361360919.983808,20248,-5556,-2552,nan,0.000000
2,5,0,0,527849,207657997,2088809281313635240,1361360919.983808,13452,-3196,-4136,nan,0.000000
2,5,0,0,527849,207657997,2088809281313637861,1361360919.983808,16832,-3300,-4732,nan,0.000000
2,5,0,0,527849,207657997,2088809281313640482,1361360919.983808,14356,328,-3500,nan,0.000000
2,5,0,0,527849,207657997,2088809281313643103,1361360919.983808,14772,-680,-3372,nan,0.000000
1,5,1,0,609169,207739127,-2814885060519130890,1361360919.984996,16008,536,-2580,nan,0.000000
1,5,1,0,609169,207739127,-2814885060519128269,1361360919.984996,15144,708,-1140,nan,0.000000
2,5,2,0,609169,207739159,-2814885060519125648,1361360919.985448,16364,708,-432,nan,0.000000
2,5,2,0,609169,207739159,-2814885060519123027,1361360919.985448,16936,1684,-192,nan,0.000000
2,5,2,0,609169,207739159,-2814885060519120406,1361360919.985448,16216,2300,444,nan,0.000000
2,5,2,0,609169,207739159,-2814885060519117785,1361360919.985448,15904,2080,936,nan,0.000000
2,5,2,0,609169,207739159,-2814885060519115164,1361360919.985448,16144,1860,1624,nan,0.000000
2,5,3,0,609169,207739191,-2814885060519112543,1361360919.986362,16000,2312,2828,nan,0.000000
2,5,3,0,609169,207739191,-2814885060519109922,1361360919.986362,19492,176,1104,nan,0.000000
2,5,3,0,609169,207739191,-2814885060519107301,1361360919.986362,13236,-1188,-1332,nan,0.000000
2,5,3,0,609169,207739191,-2814885060519104680,1361360919.986362,14212,-1524,1020,nan,0.000000
2,5,3,0,609169,207739191,-2814885060519102059,1361360919.986362,17968,-564,920,nan,0.000000
2,5,4,0,609169,207739223,-2814885060519099438,1361360919.987465,16876,-748,-632,nan,0.000000
2,5,4,0,609169,207739223,-2814885060519096817,1361360919.987465,15476,-1216,1248,nan,0.000000
2,5,4,0,609169,207739223,-2814885060519094196,1361360919.987465,15328,-732,920,nan,0.000000
2,5,4,0,609169,207739223,-2814885060519091575,1361360919.987465,15760,-820,688,nan,0.000000
2,5,4,0,609169,207739223,-2814885060519088954,1361360919.987465,15604,-1192,1024,nan,0.000000
2,5,5,0,609169,207739255,-2814885060519086333,1361360919.991020,15604,-1800,984,nan,0.000000
2,5,5,0,609169,207739255,-2814885060519083712,1361360919.991020,15784,-816,1372,nan,0.000000
2,5,5,0,609169,207739255,-2814885060519081091,1361360919.991020,16728,1208,2068,nan,0.000000
2,5,5,0,609169,207739255,-2814885060519078470,1361360919.991020,19076,-272,-168,nan,0.000000
2,5,5,0,609169,207739255,-2814885060519075849,1361360919.991020,17944,-4784,-2212,nan,0.000000
2,5,6,0,609169,207739287,-2814885060519073228,1361360919.993873,11612,-3256,-1780,nan,0.000000
2,5,6,0,609169,207739287,-2814885060519070607,1361360919.993873,17624,-240,-2724,nan,0.000000
2,5,6,0,609169,207739287,-2814885060519067986,1361360919.993873,15204,-3884,-1760,nan,0.000000
2,5,6,0,609169,207739287,-2814885060519065365,1361360919.993873,15568,976,-1076,nan,0.000000
2,5,6,0,609169,207739287,-2814885060519062744,1361360919.993873,15400,640,-1120,nan,0.000000
2,5,7,0,609169,207739319,-2814885060519060123,1361360922.465766,15696,-700,-1420,nan,0.000000
2,5,7,0,609169,207739319,-2814885060519057502,1361360922.465766,15612,352,-480,nan,0.000000
2,5,7,0,609169,207739319,-2814885060519054881,1361360922.465766,16620,796,-1368,nan,0.000000
2,5,7,0,609169,207739319,-2814885060519052260,1361360922.465766,15672,-892,-580,nan,0.000000
2,5,7,0,609169,207739319,-2814885060519049639,1361360922.465766,20040,-4,-720,nan,0.000000
1,5,8,0,690489,207820451,2377443214941254906,1361360922.466885,11824,-2812,-1696,nan,0.000000
1,5,8,0,690489,207820451,2377443214941257527,1361360922.466885,18380,-2092,-508,nan,0.000000
2,5,9,0,690489,207820482,2377443214941260148,1361360922.467457,16088,-1320,-1712,nan,0.000000
2,5,9,0,690489,207820482,2377443214941262769,1361360922.467457,14352,-2672,-740,nan,0.000000
2,5,9,0,690489,207820482,2377443214941265390,1361360922.467457,15092,-1696,-872,nan,0.000000
2,5,9,0,690489,207820482,2377443214941268011,1361360922.467457,15468,-1668,-588,nan,0.000000
2,5,9,0,690489,207820482,2377443214941270632,1361360922.467457,15580,-1504,-580,nan,0.000000
2,5,10,0,690489,207820515,2377443214941273253,1361360922.468301,16028,-1788,-576,nan,0.000000
2,5,10,0,690489,207820515,2377443214941275874,1361360922.468301,16628,-372,308,nan,0.000000
2,5,10,0,690489,207820515,2377443214941278495,1361360922.468301,17752,304,1764,nan,0.000000
2,5,10,0,690489,207820515,2377443214941281116,1361360922.468301,20580,-6380,-4428,nan,0.000000
2,5,10,0,690489,207820515,2377443214941283737,1361360922.468301,11768,-2676,-2512,nan,0.000000
2,5,11,0,690489,207820546,2377443214941286358,1361360922.469470,14712,-3240,-3084,nan,0.000000
2,5,11,0,690489,207820546,2377443214941288979,1361360922.469470,17612,-1440,-2064,nan,0.000000
2,5,11,0,690489,207820546,2377443214941291600,1361360922.469470,14344,-1448,-2156,nan,0.000000
2,5,11,0,690489,207820546,2377443214941294221,1361360922.469470,15620,856,-1048,nan,0.000000
2,5,11,0,690489,207820546,2377443214941296842,1361360922.469470,15372,-404,-1320,nan,0.000000
2,5,12,0,690489,207820579,2377443214941299463,1361360922.470288,16264,556,-492,nan,0.000000
2,5,12,0,690489,207820579,2377443214941302084,1361360922.470288,16008,1072,-788,nan,0.000000
2,5,12,0,690489,207820579,2377443214941304705,1361360922.470288,15816,-408,-1004,nan,0.000000
2,5,12,0,690489,207820579,2377443214941307326,1361360922.470288,16636,536,300,nan,0.000000
2,5,12,0,690489,207820579,2377443214941309947,1361360922.470288,15656,1028,760,nan,0.000000
2,5,13,0,690489,207820610,2377443214941312568,1361360922.471403,21164,-2356,-1324,nan,0.000000
2,5,13,0,690489,207820610,2377443214941315189,1361360922.471403,14376,-3180,-5612,nan,0.000000
2,5,13,0,690489,207820610,2377443214941317810,1361360922.471403,13508,-300,-856,nan,0.000000
2,5,13,0,690489,207820610,2377443214941320431,1361360922.471403,17684,-2020,-1724,nan,0.000000
2,5,13,0,690489,207820610,2377443214941323052,1361360922.471403,15416,-1192,-1260,nan,0.000000
2,5,14,0,690489,207820643,2377443214941325673,1361360924.947742,15328,-1548,-828,nan,0.000000
2,5,14,0,690489,207820643,2377443214941328294,1361360924.947742,15592,-1456,-700,nan,0.000000
2,5,14,0,690489,207820643,2377443214941330915,1361360924.947742,15812,-1368,-848,nan,0.000000
2,5,14,0,690489,207820643,2377443214941333536,1361360924.947742,14988,-1640,-428,nan,0.000000
2,5,14,0,690489,207820643,2377443214941336157,1361360924.947742,15444,-2236,-956,nan,0.000000
1,5,15,0,771808,207901774,4971218602255238396,1361360924.949070,19048,-1696,-1620,nan,0.000000
1,5,15,0,771808,207901774,4971218602255241017,1361360924.949070,18512,-4312,-3156,nan,0.000000
2,5,0,0,771808,207901806,4971218602255243638,1361360924.949681,11348,-2852,-2944,nan,0.000000
2,5,0,0,771808,207901806,4971218602255246259,1361360924.949681,16260,-2356,-3144,nan,0.000000
2,5,0,0,771808,207901806,4971218602255248880,1361360924.949681,16596,-2460,-2736,nan,0.000000
2,5,0,0,771808,207901806,4971218602255251501,1361360924.949681,14640,-1384,-1972,nan,0.000000
2,5,0,0,771808,207901806,4971218602255254122,1361360924.949681,15448,44,-984,nan,0.000000
2,5,1,0,771808,207901838,4971218602255256743,1361360924.950991,15656,-672,-664,nan,0.000000
2,5,1,0,771808,207901838,4971218602255259364,1361360924.950991,15976,-268,-212,nan,0.000000
2,5,1,0,771808,207901838,4971218602255261985,1361360924.950991,15600,728,-620,nan,0.000000
2,5,1,0,771808,207901838,4971218602255264606,1361360924.950991,16444,-1608,-60,nan,0.000000
2,5,1,0,771808,207901838,4971218602255267227,1361360924.950991,17192,1212,1360,nan,0.000000
2,5,2,0,771808,207901870,4971218602255269848,1361360924.951691,21628,-2272,-3420,nan,0.000000
2,5,2,0,771808,207901870,4971218602255272469,1361360924.951691,11572,-4936,-4008,nan,0.000000
2,5,2,0,771808,207901870,4971218602255275090,1361360924.951691,16200,2096,216,nan,0.000000
2,5,2,0,771808,207901870,4971218602255277711,1361360924.951691,18200,-432,160,nan,0.000000
2,5,2,0,771808,207901870,4971218602255280332,1361360924.951691,13584,-2060,24,nan,0.000000
2,5,3,0,771808,207901902,4971218602255282953,1361360924.952420,15488,-2248,236,nan,0.000000
2,5,3,0,771808,207901902,4971218602255285574,1361360924.952420,15040,-1024,1076,nan,0.000000
2,5,3,0,771808,207901902,4971218602255288195,1361360924.952420,16020,-956,952,nan,0.000000
2,5,3,0,771808,207901902,4971218602255290816,1361360924.952420,15480,-1772,568,nan,0.000000
2,5,3,0,771808,207901902,4971218602255293437,1361360924.952420,16412,-612,1084,nan,0.000000
2,5,4,0,771808,207901934,4971218602255296058,1361360924.953396,16696,644,3168,nan,0.000000
2,5,4,0,771808,207901934,4971218602255298679,1361360924.953396,19192,-3160,-1368,nan,0.000000
2,5,4,0,771808,207901934,4971218602255301300,1361360924.953396,17260,-3204,-1508,nan,0.000000
2,5,4,0,771808,207901934,4971218602255303921,1361360924.953396,10960,-2780,-2968,nan,0.000000
2,5,4,0,771808,207901934,4971218602255306542,1361360924.953396,17684,-2412,-2740,nan,0.000000
2,5,5,0,771808,207901966,4971218602255309163,1361360927.429621,17432,-2436,-1408,nan,0.000000
2,5,5,0,771808,207901966,4971218602255311784,1361360927.429621,13572,-1244,-1564,nan,0.000000
2,5,5,0,771808,207901966,4971218602255314405,1361360927.429621,16148,1260,-880,nan,0.000000
2,5,5,0,771808,207901966,4971218602255317026,1361360927.429621,16072,-448,-740,nan,0.000000
2,5,5,0,771808,207901966,4971218602255319647,1361360927.429621,15892,-492,-464,nan,0.000000
1,5,6,0,853128,207983098,-1947484703335022342,1361360927.430784,16296,-1040,-796,nan,0.000000
1,5,6,0,853128,207983098,-1947484703335019721,1361360927.430784,16248,976,108,nan,0.000000
2,5,7,0,853128,207983129,-1947484703335017100,1361360927.431291,15924,1684,312,nan,0.000000
2,5,7,0,853128,207983129,-1947484703335014479,1361360927.431291,20652,-520,44,nan,0.000000
2,5,7,0,853128,207983129,-1947484703335011858,1361360927.431291,14092,-2200,-4840,nan,0.000000
2,5,7,0,853128,207983129,-1947484703335009237,1361360927.431291,13544,88,152,nan,0.000000
2,5,7,0,853128,207983129,-1947484703335006616,1361360927.431291,19420,-396,-552,nan,0.000000
2,5,8,0,853128,207983162,-1947484703335003995,1361360927.432244,15776,-296,-940,nan,0.000000
2,5,8,0,853128,207983162,-1947484703335001374,1361360927.432244,14512,-1880,-260,nan,0.000000
2,5,8,0,853128,207983162,-1947484703334998753,1361360927.432244,14864,-1296,-552,nan,0.000000
2,5,8,0,853128,207983162,-1947484703334996132,1361360927.432244,15964,-888,-444,nan,0.000000
2,5,8,0,853128,207983162,-1947484703334993511,1361360927.432244,15592,-980,-16,nan,0.000000
2,5,9,0,853128,207983193,-1947484703334990890,1361360927.433307,15608,-1348,-8,nan,0.000000
2,5,9,0,853128,207983193,-1947484703334988269,1361360927.433307,16144,-556,-60,nan,0.000000
2,5,9,0,853128,207983193,-1947484703334985648,1361360927.433307,17228,704,1380,nan,0.000000
2,5,9,0,853128,207983193,-1947484703334983027,1361360927.433307,20788,-3444,-3784,nan,0.000000
2,5,9,0,853128,207983193,-1947484703334980406,1361360927.433307,13680,-1848,-1548,nan,0.000000
2,5,10,0,853128,207983226,-1947484703334977785,1361360927.434490,12640,-2312,-3412,nan,0.000000
2,5,10,0,853128,207983226,-1947484703334975164,1361360927.434490,18164,-2096,-3208,nan,0.000000
2,5,10,0,853128,207983226,-1947484703334972543,1361360927.434490,15528,-2772,-2692,nan,0.000000
2,5,10,0,853128,207983226,-1947484703334969922,1361360927.434490,14996,-56,-1332,nan,0.000000
2,5,10,0,853128,207983226,-1947484703334967301,1361360927.434490,15300,-488,-1868,nan,0.000000
2,5,11,0,853128,207983257,-1947484703334964680,1361360927.435296,16204,-208,-1624,nan,0.000000
2,5,11,0,853128,207983257,-1947484703334962059,1361360927.435296,16096,-188,-1448,nan,0.000000
2,5,11,0,853128,207983257,-1947484703334959438,1361360927.435296,15820,-800,-1832,nan,0.000000
2,5,11,0,853128,207983257,-1947484703334956817,1361360927.435296,16476,-188,-756,nan,0.000000
2,5,11,0,853128,207983257,-1947484703334954196,1361360927.435296,16752,1632,12,nan,0.000000
2,5,12,0,853128,207983290,-1947484703334951575,1361360929.911290,16532,992,80,nan,0.000000
2,5,12,0,853128,207983290,-1947484703334948954,1361360929.911290,19856,-1244,-1412,nan,0.000000
2,5,12,0,853128,207983290,-1947484703334946333,1361360929.911290,12492,-1552,-2288,nan,0.000000
2,5,12,0,853128,207983290,-1947484703334943712,1361360929.911290,13912,-1848,-2116,nan,0.000000
2,5,12,0,853128,207983290,-1947484703334941091,1361360929.911290,19064,-1440,-372,nan,0.000000
1,5,13,0,934447,208064421,9005551067757105152,1361360929.916499,14000,-2388,-56,nan,0.000000
1,5,13,0,934447,208064421,9005551067757107773,1361360929.916499,15720,-2096,-620,nan,0.000000
2,5,14,0,934447,208064453,9005551067757110394,1361360929.917726,15300,-1796,-1000,nan,0.000000
2,5,14,0,934447,208064453,9005551067757113015,1361360929.917726,15892,-2116,-1528,nan,0.000000
2,5,14,0,934447,208064453,9005551067757115636,1361360929.917726,15660,-1528,44,nan,0.000000
2,5,14,0,934447,208064453,9005551067757118257,1361360929.917726,16172,108,-36,nan,0.000000
2,5,14,0,934447,208064453,9005551067757120878,1361360929.917726,18400,-340,-496,nan,0.000000
2,5,15,0,934447,208064485,9005551067757123499,1361360929.920369,18392,-3520,-1628,nan,0.000000
2,5,15,0,934447,208064485,9005551067757126120,1361360929.920369,13672,-1768,-540,nan,0.000000
2,5,15,0,934447,208064485,9005551067757128741,1361360929.920369,14340,-3304,-2620,nan,0.000000
2,5,15,0,934447,208064485,9005551067757131362,1361360929.920369,15520,-2052,-2240,nan,0.000000
2,5,15,0,934447,208064485,9005551067757133983,1361360929.920369,17700,-2252,-1268,nan,0.000000
2,5,0,0,934447,208064517,9005551067757136604,1361360929.922676,16148,-920,-1220,nan,0.000000
2,5,0,0,934447,208064517,9005551067757139225,1361360929.922676,14740,412,-1768,nan,0.000000
2,5,0,0,934447,208064517,9005551067757141846,1361360929.922676,15880,564,-1804,nan,0.000000
2,5,0,0,934447,208064517,9005551067757144467,1361360929.922676,15896,-64,-1784,nan,0.000000
2,5,0,0,934447,208064517,9005551067757147088,1361360929.922676,15808,-1084,-2412,nan,0.000000
2,5,1,0,934447,208064549,9005551067757149709,1361360929.926046,16452,-1284,-3188,nan,0.000000
2,5,1,0,934447,208064549,9005551067757152330,1361360929.926046,15700,352,-1872,nan,0.000000
2,5,1,0,934447,208064549,9005551067757154951,1361360929.926046,16056,-84,-1692,nan,0.000000
2,5,1,0,934447,208064549,9005551067757157572,1361360929.926046,18052,-2196,-3104,nan,0.000000
2,5,1,0,934447,208064549,9005551067757160193,1361360929.926046,15244,-3456,-3792,nan,0.000000
2,5,2,0,934447,208064581,9005551067757162814,1361360929.926830,15100,-2524,-3624,nan,0.000000
2,5,2,0,934447,208064581,9005551067757165435,1361360929.926830,14600,-2888,-3060,nan,0.000000
2,5,2,0,934447,208064581,9005551067757168056,1361360929.926830,15664,-3336,-2696,nan,0.000000
2,5,2,0,934447,208064581,9005551067757170677,1361360929.926830,15516,-2468,-2440,nan,0.000000
2,5,2,0,934447,208064581,9005551067757173298,1361360929.926830,15260,-2980,-1964,nan,0.000000
2,5,3,0,934447,208064613,9005551067757175919,1361360932.393510,16448,-2992,-1052,nan,0.000000
2,5,3,0,934447,208064613,9005551067757178540,1361360932.393510,15656,-2772,-1188,nan,0.000000
2,5,3,0,934447,208064613,9005551067757181161,1361360932.393510,15492,-2428,-392,nan,0.000000
2,5,3,0,934447,208064613,9005551067757183782,1361360932.393510,15544,-2328,-56,nan,0.000000
2,5,3,0,934447,208064613,9005551067757186403,1361360932.393510,16828,-704,752,nan,0.000000
1,5,4,0,1015766,208145745,6699998302097499387,1361360932.394625,15148,-2124,-1088,nan,0.000000
1,5,4,0,1015766,208145745,6699998302097502008,1361360932.394625,13920,-2648,-3200,nan,0.000000
2,5,5,0,1015766,208145776,6699998302097504629,1361360932.395233,16212,72,-2916,nan,0.000000
2,5,5,0,1015766,208145776,6699998302097507250,1361360932.395233,17264,924,-1336,nan,0.000000
2,5,5,0,1015766,208145776,6699998302097509871,1361360932.395233,15204,484,-2152,nan,0.000000
2,5,5,0,1015766,208145776,6699998302097512492,1361360932.395233,15656,492,-2684,nan,0.000000
2,5,5,0,1015766,208145776,6699998302097515113,1361360932.395233,16196,1096,-2100,nan,0.000000
2,5,6,0,1015766,208145809,6699998302097517734,1361360932.396295,16304,1040,-1940,nan,0.000000
2,5,6,0,1015766,208145809,6699998302097520355,1361360932.396295,16244,1364,-1204,nan,0.000000
2,5,6,0,1015766,208145809,6699998302097522976,1361360932.396295,16124,1216,-900,nan,0.000000
2,5,6,0,1015766,208145809,6699998302097525597,1361360932.396295,15892,848,-328,nan,0.000000
2,5,6,0,1015766,208145809,6699998302097528218,1361360932.396295,16668,-112,-24,nan,0.000000
2,5,7,0,1015766,208145840,6699998302097530839,1361360932.397316,17780,-788,240,nan,0.000000
2,5,7,0,1015766,208145840,6699998302097533460,1361360932.397316,18056,1268,-1448,nan,0.000000
2,5,7,0,1015766,208145840,6699998302097536081,1361360932.397316,12972,-908,-968,nan,0.000000
2,5,7,0,1015766,208145840,6699998302097538702,1361360932.397316,14736,1020,-148,nan,0.000000
2,5,7,0,1015766,208145840,6699998302097541323,1361360932.397316,18172,-128,-624,nan,0.000000
2,5,8,0,1015766,208145873,6699998302097543944,1361360932.398051,16756,480,640,nan,0.000000
2,5,8,0,1015766,208145873,6699998302097546565,1361360932.398051,14960,-796,244,nan,0.000000
2,5,8,0,1015766,208145873,6699998302097549186,1361360932.398051,15528,-904,-176,nan,0.000000
2,5,8,0,1015766,208145873,6699998302097551807,1361360932.398051,16180,-940,-80,nan,0.000000
2,5,8,0,1015766,208145873,6699998302097554428,1361360932.398051,16280,-708,132,nan,0.000000
2,5,9,0,1015766,208145904,6699998302097557049,1361360932.399176,15612,-1168,-528,nan,0.000000
2,5,9,0,1015766,208145904,6699998302097559670,1361360932.399176,15572,-1932,-716,nan,0.000000
2,5,9,0,1015766,208145904,6699998302097562291,1361360932.399176,15936,-904,-832,nan,0.000000
2,5,9,0,1015766,208145904,6699998302097564912,1361360932.399176,15852,-508,-712,nan,0.000000
2,5,9,0,1015766,208145904,6699998302097567533,1361360932.399176,15588,-2204,-2784,nan,0.000000
2,5,10,0,1015766,208145937,6699998302097570154,1361360934.875427,16440,-2716,-3392,nan,0.000000
2,5,10,0,1015766,208145937,6699998302097572775,1361360934.875427,17056,1020,-1220,nan,0.000000
2,5,10,0,1015766,208145937,6699998302097575396,1361360934.875427,17488,356,-800,nan,0.000000
2,5,10,0,1015766,208145937,6699998302097578017,1361360934.875427,15236,720,92,nan,0.000000
2,5,10,0,1015766,208145937,6699998302097580638,1361360934.875427,16240,796,-704,nan,0.000000
1,5,11,0,1097083,208227065,4394382953933881586,1361360934.876631,16112,1020,-496,nan,0.000000
1,5,11,0,1097083,208227065,4394382953933884207,1361360934.876631,16064,1528,-188,nan,0.000000
2,5,12,0,1097083,208227097,4394382953933886828,1361360934.877197,16196,1016,-128,nan,0.000000
2,5,12,0,1097083,208227097,4394382953933889449,1361360934.877197,15812,1656,192,nan,0.000000
2,5,12,0,1097083,208227097,4394382953933892070,1361360934.877197,15772,2852,592,nan,0.000000
2,5,12,0,1097083,208227097,4394382953933894691,1361360934.877197,16680,1272,-148,nan,0.000000
2,5,12,0,1097083,208227097,4394382953933897312,1361360934.877197,16080,-252,-560,nan,0.000000
2,5,13,0,1097083,208227129,4394382953933899933,1361360934.878496,15244,1656,-96,nan,0.000000
2,5,13,0,1097083,208227129,4394382953933902554,1361360934.878496,16500,744,324,nan,0.000000
2,5,13,0,1097083,208227129,4394382953933905175,1361360934.878496,16544,428,748,nan,0.000000
2,5,13,0,1097083,208227129,4394382953933907796,1361360934.878496,15924,-308,640,nan,0.000000
2,5,13,0,1097083,208227129,4394382953933910417,1361360934.878496,16236,-1160,788,nan,0.000000
2,5,14,0,1097083,208227161,4394382953933913038,1361360934.879365,16368,-820,1112,nan,0.000000
2,5,14,0,1097083,208227161,4394382953933915659,1361360934.879365,16180,-1112,1224,nan,0.000000
2,5,14,0,1097083,208227161,4394382953933918280,1361360934.879365,16280,-904,1176,nan,0.000000
2,5,14,0,1097083,208227161,4394382953933920901,1361360934.879365,16548,624,1752,nan,0.000000
2,5,14,0,1097083,208227161,4394382953933923522,1361360934.879365,15540,-644,2128,nan,0.000000
2,5,15,0,1097083,208227193,4394382953933926143,1361360934.880298,14940,-3252,2148,nan,0.000000
2,5,15,0,1097083,208227193,4394382953933928764,1361360934.880298,16196,-768,2196,nan,0.000000
2,5,15,0,1097083,208227193,4394382953933931385,1361360934.880298,15608,-1432,1556,nan,0.000000
2,5,15,0,1097083,208227193,4394382953933934006,1361360934.880298,15992,-1752,2156,nan,0.000000
2,5,15,0,1097083,208227193,4394382953933936627,1361360934.880298,16736,532,2084,nan,0.000000
2,5,0,0,1097083,208227225,4394382953933939248,1361360934.882586,14756,-3592,996,nan,0.000000
2,5,0,0,1097083,208227225,4394382953933941869,1361360934.882586,16684,-1940,556,nan,0.000000
2,5,0,0,1097083,208227225,4394382953933944490,1361360934.882586,15748,-516,2076,nan,0.000000
2,5,0,0,1097083,208227225,4394382953933947111,1361360934.882586,15352,-1980,1252,nan,0.000000
2,5,0,0,1097083,208227225,4394382953933949732,1361360934.882586,16540,-3232,1508,nan,0.000000
2,5,1,0,1097083,208227257,4394382953933952353,1361360937.357413,15632,-2076,240,nan,0.000000
2,5,1,0,1097083,208227257,4394382953933954974,1361360937.357413,15476,-2672,1092,nan,0.000000
2,5,1,0,1097083,208227257,4394382953933957595,1361360937.357413,16252,-1648,1264,nan,0.000000
2,5,1,0,1097083,208227257,4394382953933960216,1361360937.357413,15744,-1520,884,nan,0.000000
2,5,1,0,1097083,208227257,4394382953933962837,1361360937.357413,16344,-1460,1104,nan,0.000000
1,5,2,0,1178401,208308387,4901201678377480192,1361360937.358601,16104,-1132,808,nan,0.000000
1,5,2,0,1178401,208308387,4901201678377482813,1361360937.358601,15964,-748,488,nan,0.000000
2,5,3,0,1178401,208308419,4901201678377485434,1361360937.359152,15928,-628,-56,nan,0.000000
2,5,3,0,1178401,208308419,4901201678377488055,1361360937.359152,15620,-1184,-524,nan,0.000000
2,5,3,0,1178401,208308419,4901201678377490676,1361360937.359152,16236,-964,-908,nan,0.000000
2,5,3,0,1178401,208308419,4901201678377493297,1361360937.359152,16808,1608,-1116,nan,0.000000
2,5,3,0,1178401,208308419,4901201678377495918,1361360937.359152,16648,-1648,-984,nan,0.000000
2,5,4,0,1178401,208308451,4901201678377498539,1361360937.360091,15920,1036,48,nan,0.000000
2,5,4,0,1178401,208308451,4901201678377501160,1361360937.360091,15744,-1352,-1524,nan,0.000000
2,5,4,0,1178401,208308451,4901201678377503781,1361360937.360091,16552,1744,-868,nan,0.000000
2,5,4,0,1178401,208308451,4901201678377506402,1361360937.360091,16136,320,604,nan,0.000000
2,5,4,0,1178401,208308451,4901201678377509023,1361360937.360091,16260,1492,-388,nan,0.000000
2,5,5,0,1178401,208308483,4901201678377511644,1361360937.361052,15860,340,-1232,nan,0.000000
2,5,5,0,1178401,208308483,4901201678377514265,1361360937.361052,15808,1244,-692,nan,0.000000
2,5,5,0,1178401,208308483,4901201678377516886,1361360937.361052,15660,1676,-580,nan,0.000000
2,5,5,0,1178401,208308483,4901201678377519507,1361360937.361052,16384,1304,-924,nan,0.000000
2,5,5,0,1178401,208308483,4901201678377522128,1361360937.361052,15924,848,-776,nan,0.000000
2,5,6,0,1178401,208308515,4901201678377524749,1361360937.362766,16180,996,-228,nan,0.000000
2,5,6,0,1178401,208308515,4901201678377527370,1361360937.362766,16296,1100,248,nan,0.000000
2,5,6,0,1178401,208308515,4901201678377529991,1361360937.362766,16044,248,384,nan,0.000000
2,5,6,0,1178401,208308515,4901201678377532612,1361360937.362766,16056,460,1224,nan,0.000000
2,5,6,0,1178401,208308515,4901201678377535233,1361360937.362766,18588,-1140,-424,nan,0.000000
2,5,7,0,1178401,208308547,4901201678377537854,1361360937.363848,17316,548,-1908,nan,0.000000
2,5,7,0,1178401,208308547,4901201678377540475,1361360937.363848,13904,228,-1504,nan,0.000000
2,5,7,0,1178401,208308547,4901201678377543096,1361360937.363848,13568,416,-1760,nan,0.000000
2,5,7,0,1178401,208308547,4901201678377545717,1361360937.363848,18372,752,-604,nan,0.000000
2,5,7,0,1178401,208308547,4901201678377548338,1361360937.363848,17356,-308,108,nan,0.000000
2,5,8,0,1178401,208308578,4901201678377550959,1361360939.837379,14584,60,332,nan,0.000000
2,5,8,0,1178401,208308578,4901201678377553580,1361360939.837379,15452,-1152,-496,nan,0.000000
2,5,8,0,1178401,208308578,4901201678377556201,1361360939.837379,16448,-1280,60,nan,0.000000
2,5,8,0,1178401,208308578,4901201678377558822,1361360939.837379,16048,-1052,204,nan,0.000000
2,5,8,0,1178401,208308578,4901201678377561443,1361360939.837379,15400,-2160,16,nan,0.000000
1,5,9,0,1259719,208389708,1224557965763955713,1361360939.839023,17564,-908,-468,nan,0.000000
1,5,9,0,1259719,208389708,1224557965763958334,1361360939.839023,17012,-1020,-2468,nan,0.000000
2,5,10,0,1259719,208389740,1224557965763960955,1361360939.839629,15956,-1568,-1324,nan,0.000000
2,5,10,0,1259719,208389740,1224557965763963576,1361360939.839629,15072,-224,-1760,nan,0.000000
2,5,10,0,1259719,208389740,1224557965763966197,1361360939.839629,14856,-908,-2264,nan,0.000000
2,5,10,0,1259719,208389740,1224557965763968818,1361360939.839629,15952,368,-1816,nan,0.000000
2,5,10,0,1259719,208389740,1224557965763971439,1361360939.839629,16856,-40,12,nan,0.000000
2,5,11,0,1259719,208389772,1224557965763974060,1361360939.840976,16476,928,-444,nan,0.000000
2,5,11,0,1259719,208389772,1224557965763976681,1361360939.840976,16040,80,-1352,nan,0.000000
2,5,11,0,1259719,208389772,1224557965763979302,1361360939.840976,15964,836,-1056,nan,0.000000
2,5,11,0,1259719,208389772,1224557965763981923,1361360939.840976,15796,232,-636,nan,0.000000
2,5,11,0,1259719,208389772,1224557965763984544,1361360939.840976,15932,-316,-748,nan,0.000000
2,5,12,0,1259719,208389804,1224557965763987165,1361360939.842224,16348,24,-1184,nan,0.000000
2,5,12,0,1259719,208389804,1224557965763989786,1361360939.842224,16008,716,-304,nan,0.000000
2,5,12,0,1259719,208389804,1224557965763992407,1361360939.842224,16152,544,8,nan,0.000000
2,5,12,0,1259719,208389804,1224557965763995028,1361360939.842224,16456,792,512,nan,0.000000
2,5,12,0,1259719,208389804,1224557965763997649,1361360939.842224,17968,-156,-252,nan,0.000000
2,5,13,0,1259719,208389836,1224557965764000270,1361360939.843306,17036,-472,-1256,nan,0.000000
2,5,13,0,1259719,208389836,1224557965764002891,1361360939.843306,14972,532,-336,nan,0.000000
2,5,13,0,1259719,208389836,1224557965764005512,1361360939.843306,14996,-828,-1096,nan,0.000000
2,5,13,0,1259719,208389836,1224557965764008133,1361360939.843306,14452,-2352,-1232,nan,0.000000
2,5,13,0,1259719,208389836,1224557965764010754,1361360939.843306,17792,-376,644,nan,0.000000
2,5,14,0,1259719,208389868,1224557965764013375,1361360939.844292,17320,-312,12,nan,0.000000
2,5,14,0,1259719,208389868,1224557965764015996,1361360939.844292,14300,-1736,284,nan,0.000000
2,5,14,0,1259719,208389868,1224557965764018617,1361360939.844292,16120,-1940,556,nan,0.000000
2,5,14,0,1259719,208389868,1224557965764021238,1361360939.844292,15672,-1836,708,nan,0.000000
2,5,14,0,1259719,208389868,1224557965764023859,1361360939.844292,15240,-1228,920,nan,0.000000
2,5,15,0,1259719,208389900,1224557965764026480,1361360942.319340,15284,-1424,848,nan,0.000000
2,5,15,0,1259719,208389900,1224557965764029101,1361360942.319340,16564,-652,1488,nan,0.000000
2,5,15,0,1259719,208389900,1224557965764031722,1361360942.319340,20248,-1340,-568,nan,0.000000
2,5,15,0,1259719,208389900,1224557965764034343,1361360942.319340,16664,-4040,-308,nan,0.000000
2,5,15,0,1259719,208389900,1224557965764036964,1361360942.319340,12720,-2724,-2096,nan,0.000000
